Obs_id,Plot,Date,Week,Time,Pollinator_sp,Plant_sp,Plant_id,Step,N_flowers,N_visits,Distance
36,A,3/22/23,2,11:05,Lasioglossum_sp,HCOM,1,1,41,7,
36,A,3/22/23,2,11:05,Lasioglossum_sp,HCOM,2,2,58,11,25
36,A,3/22/23,2,11:05,Lasioglossum_sp,HCOM,3,3,59,1,10
36,A,3/22/23,2,11:05,Lasioglossum_sp,HCOM,4,4,21,4,10
36,A,3/22/23,2,11:05,Lasioglossum_sp,HCOM,5,5,76,2,8
37,A,3/22/23,2,11:21,Eristalis_sp,HCOM,1,1,34,2,
38,A,3/22/23,2,11:22,Lasioglossum_sp,HCOM,1,1,105,2,
38,A,3/22/23,2,11:22,Lasioglossum_sp,TGUT,1,2,1,1,6
38,A,3/22/23,2,11:22,Lasioglossum_sp,HCOM,2,3,57,20,9
39,A,3/22/23,2,11:26,Lasioglossum_sp,HCOM,1,1,87,NA,
40,A,3/22/23,2,11:27,Megachile_sicula,HCOM,1,1,6,1,
40,A,3/22/23,2,11:27,Megachile_sicula,HCOM,2,2,23,4,9
40,A,3/22/23,2,11:27,Megachile_sicula,HCOM,3,3,41,5,8
40,A,3/22/23,2,11:27,Megachile_sicula,HCOM,2,2,23,2,8
40,A,3/22/23,2,11:27,Megachile_sicula,HCOM,4,4,97,8,16
40,A,3/22/23,2,11:27,Megachile_sicula,HCOM,5,5,140,7,9
40,A,3/22/23,2,11:27,Megachile_sicula,HCOM,6,6,24,3,4
40,A,3/22/23,2,11:27,Megachile_sicula,HCOM,7,7,46,1,16
40,A,3/22/23,2,11:27,Megachile_sicula,HCOM,8,8,87,10,11
40,A,3/22/23,2,11:27,Megachile_sicula,HCOM,9,9,83,7,9
40,A,3/22/23,2,11:27,Megachile_sicula,HCOM,10,10,220,12,11
40,A,3/22/23,2,11:27,Megachile_sicula,HCOM,11,11,99,1,13
40,A,3/22/23,2,11:27,Megachile_sicula,HCOM,12,12,130,2,23
41,A,3/22/23,2,11:26,Anthophora_sp,SGEN,1,1,20,1,
41,A,3/22/23,2,11:26,Anthophora_sp,LPED,1,2,3,1,3
42,D,3/22/23,2,12:11,Xylocopa_cantabrita,SGEN,1,1,60,3,
43,D,3/22/23,2,12:13,Anthophora_sp,LPED,1,1,2,1,
44,E,3/22/23,2,12:33,Apis_mellifera,HCOM,1,1,96,12,
44b,E,3/22/23,2,12:35,Anthophora_sp,HCOM,1,1,140,2,
45,E,3/22/23,2,12:40,Lasioglossum_sp,HCOM,1,1,83,12,
45,E,3/22/23,2,12:40,Lasioglossum_sp,HCOM,2,2,32,2,12
45,E,3/22/23,2,12:40,Lasioglossum_sp,HCOM,1,1,47,1,10
46,E,3/22/23,2,12:44,Xylocopa_cantabrita,ROFF,1,1,31,11,
47,E,3/22/23,2,12:47,Xylocopa_cantabrita,ROFF,1,1,170,1,
48,F,3/22/23,2,13:11,Apis_mellifera,ROFF,1,1,460,12,
49,F,3/22/23,2,13:23,Lasioglossum_sp,ROFF,1,1,170,3,
50,F,3/23/23,2,10:30,Xylocopa_cantabrita,ROFF,1,1,1060,11,
50,F,3/23/23,2,10:30,Xylocopa_cantabrita,HCOM,1,2,141,2,22
50,F,3/23/23,2,10:30,Xylocopa_cantabrita,ROFF,2,3,50,1,4
51,F,3/23/23,2,10:41,Xylocopa_cantabrita,ROFF,1,1,500,17,
51,F,3/23/23,2,10:41,Xylocopa_cantabrita,ROFF,2,2,540,5,44
52,F,3/23/23,2,11:00,Lasioglossum_sp,HCOM,1,1,53,6,
52,F,3/23/23,2,11:00,Lasioglossum_sp,HCOM,2,2,91,3,10
52,F,3/23/23,2,11:00,Lasioglossum_sp,HCOM,3,3,140,4,16
53,A,3/23/23,2,11:33,Megachile_sicula,HCOM,1,1,122,3,
53,A,3/23/23,2,11:33,Megachile_sicula,HCOM,2,2,68,4,12
53,A,3/23/23,2,11:33,Megachile_sicula,HCOM,1,1,122,28,12
53,A,3/23/23,2,11:33,Megachile_sicula,HCOM,3,3,59,3,12
53,A,3/23/23,2,11:33,Megachile_sicula,HCOM,4,4,103,7,16
54,D,3/23/23,2,12:21,Bombus_terrestris,SGEN,1,1,150,5,
55,D,3/23/23,2,12:31,Eucera_sp,LPED,1,1,5,4,
55,D,3/23/23,2,12:31,Eucera_sp,LPED,2,2,13,1,29
56,F,3/23/23,2,12:43,Eucera_sp,HCOM,1,1,29,4,
56,F,3/23/23,2,12:43,Eucera_sp,HCOM,2,2,120,1,10
56,F,3/23/23,2,12:43,Eucera_sp,HCOM,3,3,100,1,10
57,E,3/23/23,2,12:57,Apis_mellifera,HCOM,1,1,280,8,
57,E,3/23/23,2,12:57,Apis_mellifera,HCOM,2,2,18,6,6
58,E,3/29/23,3,11:20,Bombylius_sp,HCOM,1,1,120,11,
58,E,3/29/23,3,11:20,Bombylius_sp,HCOM,2,2,56,5,12
58,E,3/29/23,3,11:20,Bombylius_sp,HCOM,3,3,38,2,6
58,E,3/29/23,3,11:20,Bombylius_sp,HCOM,4,4,90,1,8
58,E,3/29/23,3,11:20,Bombylius_sp,HCOM,3,3,38,2,8
58,E,3/29/23,3,11:20,Bombylius_sp,HCOM,5,5,53,8,5
58,E,3/29/23,3,11:20,Bombylius_sp,HCOM,6,6,11,2,4
59,E,3/29/23,3,11:40,Megachile_sicula,HCOM,1,1,55,2,
59,E,3/29/23,3,11:40,Megachile_sicula,HCOM,2,2,14,3,7
59,E,3/29/23,3,11:40,Megachile_sicula,HCOM,3,3,28,1,7
59,E,3/29/23,3,11:40,Megachile_sicula,HCOM,4,4,190,1,12
59,E,3/29/23,3,11:40,Megachile_sicula,HCOM,5,5,22,1,14
59,E,3/29/23,3,11:40,Megachile_sicula,HCOM,6,6,120,3,10
59,E,3/29/23,3,11:40,Megachile_sicula,HCOM,3,3,28,1,5
59,E,3/29/23,3,11:40,Megachile_sicula,HCOM,2,2,14,2,6
60,E,3/29/23,3,11:50,Xylocopa_cantabrita,ROFF,1,1,160,1,
60,E,3/29/23,3,11:50,Xylocopa_cantabrita,ROFF,2,2,380,1,50
61,E,3/29/23,3,12:06,Megachile_sicula,HCOM,1,1,120,7,
61,E,3/29/23,3,12:06,Megachile_sicula,HCOM,2,2,34,1,14
62,F,3/29/23,3,12:12,Apis_mellifera,ROFF,1,1,640,25,
63,F,3/29/23,3,12:19,Megachile_sicula,HCOM,1,1,160,4,
63,F,3/29/23,3,12:19,Megachile_sicula,HCOM,2,2,28,2,9
63,F,3/29/23,3,12:19,Megachile_sicula,HCOM,1,1,160,19,9
63,F,3/29/23,3,12:19,Megachile_sicula,HCOM,3,3,22,3,10
63,F,3/29/23,3,12:19,Megachile_sicula,HCOM,1,1,160,2,10
64,A,3/29/23,3,12:31,Megachile_sicula,HCOM,1,1,31,5,
64,A,3/29/23,3,12:31,Megachile_sicula,HCOM,2,2,130,2,12
64,A,3/29/23,3,12:31,Megachile_sicula,HCOM,3,3,12,1,15
64,A,3/29/23,3,12:31,Megachile_sicula,HCOM,4,4,51,4,12
64,A,3/29/23,3,12:31,Megachile_sicula,ROFF,1,5,30,5,8
64,A,3/29/23,3,12:31,Megachile_sicula,HCOM,5,6,61,7,11
65,A,3/30/23,3,11:09,Xylocopa_cantabrita,HCOM,1,1,33,3,
65,A,3/30/23,3,11:09,Xylocopa_cantabrita,HCOM,2,2,160,18,8
65,A,3/30/23,3,11:09,Xylocopa_cantabrita,HCOM,3,3,105,3,10
65,A,3/30/23,3,11:09,Xylocopa_cantabrita,HCOM,4,4,12,1,6
65,A,3/30/23,3,11:09,Xylocopa_cantabrita,HCOM,5,5,100,2,19
65,A,3/30/23,3,11:09,Xylocopa_cantabrita,HCOM,6,6,53,5,7
65,A,3/30/23,3,11:09,Xylocopa_cantabrita,HCOM,7,7,67,4,17
66,A,3/30/23,3,11:25,Xylocopa_cantabrita,HCOM,1,1,133,9,
66,A,3/30/23,3,11:25,Xylocopa_cantabrita,HCOM,2,2,180,5,7
66,A,3/30/23,3,11:25,Xylocopa_cantabrita,HCOM,3,3,150,2,20
67,A,3/30/23,3,11:26,Megachile_sicula,HCOM,1,1,140,30,
67,A,3/30/23,3,11:26,Megachile_sicula,HCOM,2,2,56,2,47
67,A,3/30/23,3,11:26,Megachile_sicula,HCOM,3,3,107,8,34
68,A,3/30/23,3,11:32,Megachile_sicula,HCOM,1,1,24,3,
68,A,3/30/23,3,11:32,Megachile_sicula,HCOM,2,2,14,1,17
69,A,3/30/23,3,11:35,Lasioglossum_sp,HCOM,1,1,26,2,
69,A,3/30/23,3,11:35,Lasioglossum_sp,HCOM,2,2,4,2,10
69,A,3/30/23,3,11:35,Lasioglossum_sp,HCOM,3,3,55,7,6
69,A,3/30/23,3,11:35,Lasioglossum_sp,HCOM,4,4,48,1,3
70,A,3/30/23,3,11:43,Lasioglossum_sp,HCOM,1,1,21,1,
70,A,3/30/23,3,11:43,Lasioglossum_sp,HCOM,2,2,22,2,3
70,A,3/30/23,3,11:43,Lasioglossum_sp,HCOM,3,3,63,9,3
71,B,3/30/23,3,11:56,Xylocopa_cantabrita,HCOM,1,1,10,2,
71,B,3/30/23,3,11:56,Xylocopa_cantabrita,HCOM,2,2,23,7,18
71,B,3/30/23,3,11:56,Xylocopa_cantabrita,HCOM,3,3,8,2,3
71,B,3/30/23,3,11:56,Xylocopa_cantabrita,HCOM,2,2,23,3,3
71,B,3/30/23,3,11:56,Xylocopa_cantabrita,HCOM,4,4,110,5,7
72,B,3/30/23,3,12:07,Megachile_sicula,HCOM,1,1,58,17,
72,B,3/30/23,3,12:07,Megachile_sicula,HCOM,2,2,9,1,11
72,B,3/30/23,3,12:07,Megachile_sicula,HCOM,3,3,3,2,3
72,B,3/30/23,3,12:07,Megachile_sicula,HCOM,4,4,38,5,5
72,B,3/30/23,3,12:07,Megachile_sicula,LPED,1,5,7,4,5
72,B,3/30/23,3,12:07,Megachile_sicula,HCOM,4,4,38,3,NA
72,B,3/30/23,3,12:07,Megachile_sicula,HCOM,5,6,7,3,NA
72,B,3/30/23,3,12:07,Megachile_sicula,HCOM,6,7,38,1,NA
72,B,3/30/23,3,12:07,Megachile_sicula,HCOM,7,8,30,7,NA
72,B,3/30/23,3,12:07,Megachile_sicula,HCOM,8,9,19,8,NA
72,B,3/30/23,3,12:07,Megachile_sicula,HCOM,9,10,7,4,NA
72,B,3/30/23,3,12:07,Megachile_sicula,HCOM,8,9,6,2,NA
72,B,3/30/23,3,12:07,Megachile_sicula,HCOM,9,10,7,1,NA
72,B,3/30/23,3,12:07,Megachile_sicula,HCOM,8,9,6,1,NA
72,B,3/30/23,3,12:07,Megachile_sicula,HCOM,10,11,NA,1,NA
72,B,3/30/23,3,12:07,Megachile_sicula,HCOM,11,12,NA,3,NA
72,B,3/30/23,3,12:07,Megachile_sicula,HCOM,12,13,NA,3,NA
73,B,3/30/23,3,12:11,Megachile_sicula,HCOM,1,1,11,1,
73,B,3/30/23,3,12:11,Megachile_sicula,LPED,2,2,1,1,27
73,B,3/30/23,3,12:11,Megachile_sicula,HCOM,3,3,14,3,5
73,B,3/30/23,3,12:11,Megachile_sicula,LPED,4,4,9,2,3
73,B,3/30/23,3,12:11,Megachile_sicula,LPED,5,5,12,1,4
74,B,3/30/23,3,12:30,Bombylius_sp,LPED,1,1,31,15,
74,B,3/30/23,3,12:30,Bombylius_sp,HCOM,1,2,14,1,5
74,B,3/30/23,3,12:30,Bombylius_sp,LPED,2,3,7,6,5
74,B,3/30/23,3,12:30,Bombylius_sp,LPED,3,4,8,8,3
74,B,3/30/23,3,12:30,Bombylius_sp,LPED,4,5,5,6,17
74,B,3/30/23,3,12:30,Bombylius_sp,LPED,5,6,9,22,14
74,B,3/30/23,3,12:30,Bombylius_sp,LPED,6,7,2,6,3
74,B,3/30/23,3,12:30,Bombylius_sp,LPED,5,6,9,3,3
74,B,3/30/23,3,12:30,Bombylius_sp,LPED,7,8,1,2,9
74,B,3/30/23,3,12:30,Bombylius_sp,HCOM,2,9,5,1,2
75,D,3/30/23,3,12:48,Bombylius_sp,LPED,1,1,NA,3,
76,D,3/30/23,3,12:49,Bombylius_sp,LPED,1,1,NA,7,
76,D,3/30/23,3,12:49,Bombylius_sp,MTRI,1,2,1,1,4
76,D,3/30/23,3,12:49,Bombylius_sp,MTRI,2,3,1,1,2
77,E,3/30/23,3,13:05,Megachile_sicula,HCOM,1,1,100,4,
77,E,3/30/23,3,13:05,Megachile_sicula,HCOM,2,2,70,2,6
77,E,3/30/23,3,13:05,Megachile_sicula,HCOM,3,3,25,2,8
77,E,3/30/23,3,13:05,Megachile_sicula,HCOM,2,2,25,1,8
77,E,3/30/23,3,13:05,Megachile_sicula,HCOM,4,4,210,3,13
77,E,3/30/23,3,13:05,Megachile_sicula,HCOM,5,5,59,1,11
78,E,3/30/23,3,13:06,Bombylius_sp,LPED,1,1,10,1,
78,E,3/30/23,3,13:06,Bombylius_sp,TGUT,2,2,1,1,4
79,E,3/30/23,3,13:12,Megachile_sicula,HCOM,1,1,100,15,
79,E,3/30/23,3,13:12,Megachile_sicula,LPED,1,2,11,2,8
79,E,3/30/23,3,13:12,Megachile_sicula,HCOM,2,3,54,13,6
79,E,3/30/23,3,13:12,Megachile_sicula,HCOM,3,4,38,3,9
80,A,4/3/23,4,10:55,Andrena_hispania,HCOM,1,1,50,1,
80,A,4/3/23,4,10:55,Andrena_hispania,HCOM,2,2,23,2,8
80,A,4/3/23,4,10:55,Andrena_hispania,HCOM,3,3,102,8,12
81,A,4/3/23,4,11:01,Andrena_hispania,HCOM,1,1,33,1,
81,A,4/3/23,4,11:01,Andrena_hispania,HCOM,2,2,27,2,7
81,A,4/3/23,4,11:01,Andrena_hispania,HCOM,3,3,16,5,12
82,A,4/3/23,4,11:04,Megachile_sicula,HCOM,1,1,19,2,
82,A,4/3/23,4,11:04,Megachile_sicula,HCOM,2,2,24,2,6
82,A,4/3/23,4,11:04,Megachile_sicula,HCOM,3,3,31,3,19
83,A,4/3/23,4,11:15,Lasioglossum_sp,HCOM,1,1,65,1,
83,A,4/3/23,4,11:15,Lasioglossum_sp,HCOM,2,2,74,8,19
84,A,4/3/23,4,11:16,Xylocopa_cantabrita,HCOM,1,1,80,3,
84,A,4/3/23,4,11:16,Xylocopa_cantabrita,HCOM,2,2,65,1,4
84,A,4/3/23,4,11:16,Xylocopa_cantabrita,HCOM,3,3,6,1,11
84,A,4/3/23,4,11:16,Xylocopa_cantabrita,HCOM,4,4,52,3,37
84,A,4/3/23,4,11:16,Xylocopa_cantabrita,HCOM,5,5,80,8,10
84,A,4/3/23,4,11:16,Xylocopa_cantabrita,HCOM,6,6,29,2,10
84,A,4/3/23,4,11:16,Xylocopa_cantabrita,HCOM,7,7,15,1,29
84,A,4/3/23,4,11:16,Xylocopa_cantabrita,HCOM,8,8,30,3,15
85,A,4/3/23,4,11:28,Andrena_hispania,HCOM,1,1,80,13,
85,A,4/3/23,4,11:28,Andrena_hispania,HCOM,2,2,52,10,14
85,A,4/3/23,4,11:28,Andrena_hispania,HCOM,3,3,15,4,13
86,E,4/3/23,4,12:06,Lasioglossum_sp,CSAL,1,1,6,6,
86,E,4/3/23,4,12:06,Lasioglossum_sp,HCOM,1,2,34,2,
86,E,4/3/23,4,12:06,Lasioglossum_sp,CSAL,1,1,6,6,
87,A,4/10/23,5,11:22,Bombylius_sp,ROFF,1,3,41,10,
87,A,4/10/23,5,11:22,Bombylius_sp,ROFF,2,4,67,53,12
88,A,4/10/23,5,11:22,Bombylius_sp,ROFF,1,1,140,10,
88,A,4/10/23,5,11:22,Bombylius_sp,ROFF,2,2,12,5,21
89,B,4/10/23,5,11:39,Bombylius_sp,ROFF,1,1,3,2,
89,B,4/10/23,5,11:39,Bombylius_sp,ROFF,2,2,40,8,22
89,B,4/10/23,5,11:39,Bombylius_sp,ROFF,3,3,7,5,23
89,B,4/10/23,5,11:39,Bombylius_sp,ROFF,4,4,18,15,12
89,B,4/10/23,5,11:39,Bombylius_sp,ROFF,5,5,26,19,17
90,B,4/10/23,5,11:49,Megachile_sicula,LVIS,1,1,1,1,
90,B,4/10/23,5,11:49,Megachile_sicula,ROFF,1,2,16,2,11
90,B,4/10/23,5,11:49,Megachile_sicula,LVIS,2,3,1,1,14
91,D,4/10/23,5,11:59,Bombylius_sp,ROFF,1,1,45,5,
91,D,4/10/23,5,11:59,Bombylius_sp,ROFF,2,2,9,15,9
91,D,4/10/23,5,11:59,Bombylius_sp,ROFF,3,3,2,4,4
91,D,4/10/23,5,11:59,Bombylius_sp,ROFF,4,4,5,2,8
92,D,4/10/23,5,12:00,Bombylius_sp,ROFF,1,1,45,5,
92,D,4/10/23,5,12:00,Bombylius_sp,MTRI,1,2,1,1,5
92,D,4/10/23,5,12:00,Bombylius_sp,ROFF,2,3,24,2,11
93,E,4/10/23,5,12:18,Bombylius_sp,ROFF,1,1,9,10,
94,A,4/10/23,5,12:26,Bombylius_sp,ROFF,1,1,36,50,
94,A,4/10/23,5,12:26,Bombylius_sp,ROFF,2,2,44,27,
95,A,4/10/23,5,12:52,Xylocopa_cantabrita,ROFF,1,1,23,11,23
95,A,4/10/23,5,12:52,Xylocopa_cantabrita,ROFF,2,2,24,2,7
95,A,4/10/23,5,12:52,Xylocopa_cantabrita,ROFF,3,3,25,4,7
95,A,4/10/23,5,12:52,Xylocopa_cantabrita,ROFF,4,4,42,7,12
96,A,4/10/23,5,13:00,Megachile_sicula,LVIS,1,1,1,1,
96,A,4/10/23,5,13:00,Megachile_sicula,LVIS,2,2,1,1,3
96,A,4/10/23,5,13:00,Megachile_sicula,LVIS,3,3,1,1,3
96,A,4/10/23,5,13:00,Megachile_sicula,LVIS,4,4,1,1,3
96,A,4/10/23,5,13:00,Megachile_sicula,LVIS,5,5,1,1,3
96,A,4/10/23,5,13:00,Megachile_sicula,LVIS,6,6,1,1,3
96,A,4/10/23,5,13:00,Megachile_sicula,LVIS,7,7,1,1,3
96,A,4/10/23,5,13:00,Megachile_sicula,LVIS,8,8,1,1,3
96,A,4/10/23,5,13:00,Megachile_sicula,LVIS,9,9,1,1,3
96,A,4/10/23,5,13:00,Megachile_sicula,LVIS,10,10,1,1,3
96,A,4/10/23,5,13:00,Megachile_sicula,LVIS,9,9,1,1,3
96,A,4/10/23,5,13:00,Megachile_sicula,LVIS,10,10,1,1,3
96,A,4/10/23,5,13:00,Megachile_sicula,LVIS,11,11,1,1,3
96,A,4/10/23,5,13:00,Megachile_sicula,LVIS,12,12,1,1,3
97,A,4/13/23,5,11:32,Bombylius_sp,LPED,1,1,170,36,
97,A,4/13/23,5,11:32,Bombylius_sp,LPED,2,2,19,5,5
98,A,4/13/23,5,11:39,Bombylius_sp,LPED,1,1,43,92,
99,A,4/13/23,5,11:43,Xylocopa_cantabrita,TGUT,1,1,1,1,3
99,A,4/13/23,5,11:43,Xylocopa_cantabrita,TGUT,2,2,1,1,3
99,A,4/13/23,5,11:43,Xylocopa_cantabrita,TGUT,3,3,1,1,3
99,A,4/13/23,5,11:43,Xylocopa_cantabrita,TGUT,4,4,1,1,3
99,A,4/13/23,5,11:43,Xylocopa_cantabrita,TGUT,5,5,1,1,3
99,A,4/13/23,5,11:43,Xylocopa_cantabrita,TGUT,6,6,1,1,3
99,A,4/13/23,5,11:43,Xylocopa_cantabrita,TGUT,7,7,1,1,3
99,A,4/13/23,5,11:43,Xylocopa_cantabrita,TGUT,8,8,1,1,3
99,A,4/13/23,5,11:43,Xylocopa_cantabrita,TGUT,9,9,1,1,3
99,A,4/13/23,5,11:43,Xylocopa_cantabrita,TGUT,10,10,1,1,3
99,A,4/13/23,5,11:43,Xylocopa_cantabrita,TGUT,11,11,1,1,3
99,A,4/13/23,5,11:43,Xylocopa_cantabrita,TGUT,12,12,1,1,3
99,A,4/13/23,5,11:43,Xylocopa_cantabrita,TGUT,13,13,1,1,3
99,A,4/13/23,5,11:43,Xylocopa_cantabrita,TGUT,14,14,1,1,3
99,A,4/13/23,5,11:43,Xylocopa_cantabrita,TGUT,15,15,1,1,3
99,A,4/13/23,5,11:43,Xylocopa_cantabrita,TGUT,16,16,1,1,3
99,A,4/13/23,5,11:43,Xylocopa_cantabrita,TGUT,17,17,1,1,3
99,A,4/13/23,5,11:43,Xylocopa_cantabrita,TGUT,18,18,1,1,3
99,A,4/13/23,5,11:43,Xylocopa_cantabrita,TGUT,19,19,1,1,3
99,A,4/13/23,5,11:43,Xylocopa_cantabrita,TGUT,20,20,1,1,3
100,B,4/13/23,5,11:58,Bombylius_sp,LPED,1,1,20,22,
100,B,4/13/23,5,11:58,Bombylius_sp,LPED,2,2,36,5,5
100,B,4/13/23,5,11:58,Bombylius_sp,LPED,1,1,20,6,5
100,B,4/13/23,5,11:58,Bombylius_sp,LPED,2,2,36,2,5
100,B,4/13/23,5,11:58,Bombylius_sp,LPED,1,1,20,15,5
100,B,4/13/23,5,11:58,Bombylius_sp,LPED,3,3,14,2,7
100,B,4/13/23,5,11:58,Bombylius_sp,LPED,4,4,29,4,3
100,B,4/13/23,5,11:58,Bombylius_sp,LPED,5,5,11,6,7
101,B,4/13/23,5,11:58,Xylocopa_cantabrita,TGUT,1,1,1,1,
101,B,4/13/23,5,11:58,Xylocopa_cantabrita,TGUT,2,2,1,1,6
101,B,4/13/23,5,11:58,Xylocopa_cantabrita,TGUT,3,3,1,1,10
102,B,4/13/23,5,11:57,Bombylius_sp,LPED,1,1,29,5,
102,B,4/13/23,5,11:57,Bombylius_sp,LPED,2,2,21,9,14
102,B,4/13/23,5,11:57,Bombylius_sp,LPED,3,3,17,2,7
102,B,4/13/23,5,11:57,Bombylius_sp,LPED,2,2,21,30,7
102,B,4/13/23,5,11:57,Bombylius_sp,LPED,4,4,9,3,11
103,D,4/13/23,5,12:22,Bombylius_sp,LPED,1,1,16,2,
103,D,4/13/23,5,12:22,Bombylius_sp,LPED,2,2,7,1,4
103,D,4/13/23,5,12:22,Bombylius_sp,LPED,3,3,26,5,25
103,D,4/13/23,5,12:22,Bombylius_sp,LPED,4,4,17,8,5
103,D,4/13/23,5,12:22,Bombylius_sp,LPED,3,3,26,7,5
103,D,4/13/23,5,12:22,Bombylius_sp,LPED,5,5,28,3,30
103,D,4/13/23,5,12:22,Bombylius_sp,LPED,6,6,5,5,3
103,D,4/13/23,5,12:22,Bombylius_sp,LPED,1,1,16,5,8
103,D,4/13/23,5,12:22,Bombylius_sp,LPED,2,2,2,1,4
103,D,4/13/23,5,12:22,Bombylius_sp,LPED,7,7,34,6,4
103,D,4/13/23,5,12:22,Bombylius_sp,LPED,8,8,9,25,3
103,D,4/13/23,5,12:22,Bombylius_sp,LPED,9,9,22,3,7
104,E,4/13/23,5,12:46,Bombylius_sp,LPED,1,1,53,2,
104,E,4/13/23,5,12:46,Bombylius_sp,LPED,2,2,24,9,22
105,F,4/13/23,5,12:58,Xylocopa_cantabrita,ROFF,1,1,260,9,
106,A,4/19/23,6,10:31,Anthophora_sp,LPED,1,1,51,10,
106,A,4/19/23,6,10:31,Anthophora_sp,LPED,2,2,12,21,15
106,A,4/19/23,6,10:31,Anthophora_sp,LPED,3,3,36,2,39
107,A,4/19/23,6,10:36,Andrena_hispania,CLIB,1,1,2,2,
107,A,4/19/23,6,10:36,Andrena_hispania,AST_sp1,1,2,1,1,15
108,A,4/19/23,6,10:49,Vanessa_atalanta,LPED,1,1,12,1,
108,A,4/19/23,6,10:49,Vanessa_atalanta,LPED,2,2,66,1,6
108,A,4/19/23,6,10:49,Vanessa_atalanta,LPED,3,3,27,1,6
108,A,4/19/23,6,10:49,Vanessa_atalanta,LPED,1,1,12,1,8
109,B,4/19/23,6,10:59,Andrena_hispania,CLIB,1,1,60,5,
109,B,4/19/23,6,10:59,Andrena_hispania,CLIB,2,2,16,2,19
109,B,4/19/23,6,10:59,Andrena_hispania,CLIB,1,1,60,5,19
110,B,4/19/23,6,11:03,Xylocopa_cantabrita,CLIB,1,1,9,1,
110,B,4/19/23,6,11:03,Xylocopa_cantabrita,CLIB,2,2,11,2,23
110,B,4/19/23,6,11:03,Xylocopa_cantabrita,CLIB,3,3,14,1,16
110,B,4/19/23,6,11:03,Xylocopa_cantabrita,CLIB,4,4,32,6,5
110,B,4/19/23,6,11:03,Xylocopa_cantabrita,CLIB,5,5,17,5,19
111,B,4/19/23,6,11:18,Leptotes_pirithous,LPED,1,1,43,1,
111,B,4/19/23,6,11:18,Leptotes_pirithous,LPED,2,2,16,1,13
112,B,4/19/23,6,11:18,Xylocopa_cantabrita,CLIB,1,1,49,5,
112,B,4/19/23,6,11:18,Xylocopa_cantabrita,LPED,1,2,30,2,4
112,B,4/19/23,6,11:18,Xylocopa_cantabrita,CLIB,2,3,60,9,19
113,C,4/19/23,6,11:53,Xylocopa_cantabrita,LPED,1,1,31,28,
113,C,4/19/23,6,11:53,Xylocopa_cantabrita,LPED,2,2,18,9,25
114,E,4/19/23,6,12:13,Xylocopa_cantabrita,LPED,1,1,51,3,
115,E,4/19/23,6,12:17,Vanessa_atalanta,LPED,1,1,17,2,
115,E,4/19/23,6,12:17,Vanessa_atalanta,LPED,2,2,184,7,9
115,E,4/19/23,6,12:17,Vanessa_atalanta,LPED,3,3,22,2,15
115,E,4/19/23,6,12:17,Vanessa_atalanta,LPED,4,4,4,2,6
115,E,4/19/23,6,12:17,Vanessa_atalanta,LPED,5,5,136,2,6
115,E,4/19/23,6,12:17,Vanessa_atalanta,LPED,6,6,56,1,39
115,E,4/19/23,6,12:17,Vanessa_atalanta,LPED,7,7,38,3,22
115,E,4/19/23,6,12:17,Vanessa_atalanta,LPED,8,8,45,33,11
115,E,4/19/23,6,12:17,Vanessa_atalanta,LPED,9,9,11,17,5
116,F,4/20/23,6,10:22,Xylocopa_cantabrita,ROFF,1,1,24,2,
116,F,4/20/23,6,10:22,Xylocopa_cantabrita,ROFF,2,2,46,2,
117,F,4/20/23,6,10:22,Xylocopa_cantabrita,CLIB,1,1,7,1,
117,F,4/20/23,6,10:22,Xylocopa_cantabrita,HCOM,1,2,4,1,19
117,F,4/20/23,6,10:22,Xylocopa_cantabrita,HCOM,2,3,2,1,32
117,F,4/20/23,6,10:22,Xylocopa_cantabrita,HHAL,1,4,4,3,23
117,F,4/20/23,6,10:22,Xylocopa_cantabrita,CLIB,2,5,1,1,6
117,F,4/20/23,6,10:22,Xylocopa_cantabrita,HCOM,3,6,5,1,22
118,F,4/20/23,6,10:28,Xylocopa_cantabrita,CLIB,1,1,7,2,
118,F,4/20/23,6,10:28,Xylocopa_cantabrita,HCOM,1,2,4,1,29
118,F,4/20/23,6,10:28,Xylocopa_cantabrita,HHAL,1,3,4,1,34
118,F,4/20/23,6,10:28,Xylocopa_cantabrita,ROFF,1,4,24,2,69
118,F,4/20/23,6,10:28,Xylocopa_cantabrita,ROFF,2,5,12,1,30
118,F,4/20/23,6,10:28,Xylocopa_cantabrita,ROFF,3,6,46,9,26
119,E,4/20/23,6,10:54,Lasioglossum_sp,CLIB,1,1,13,27,
120,E,4/20/23,6,11:12,Xylocopa_cantabrita,CLIB,1,1,5,4,
120,E,4/20/23,6,11:12,Xylocopa_cantabrita,CLIB,2,2,8,4,25
120,E,4/20/23,6,11:12,Xylocopa_cantabrita,CLIB,3,3,5,1,28
121,E,4/20/23,6,11:19,Xylocopa_cantabrita,LPED,1,1,30,2,
121,E,4/20/23,6,11:19,Xylocopa_cantabrita,LPED,2,2,85,3,22
122,D,4/20/23,6,11:46,Megachile_sicula,LVIS,1,1,23,1,
122,D,4/20/23,6,11:46,Megachile_sicula,LVIS,2,2,25,1,
122,D,4/20/23,6,11:46,Megachile_sicula,LVIS,1,1,1,1,
122,D,4/20/23,6,11:46,Megachile_sicula,LVIS,2,2,1,1,
123,D,4/20/23,6,11:46,Anthophora_sp,LPED,1,1,1,1,
123,D,4/20/23,6,11:46,Anthophora_sp,LPED,2,2,1,1,15
124,D,4/20/23,6,11:48,Anthophora_sp,LVIS,1,1,3,2,
124,D,4/20/23,6,11:48,Anthophora_sp,LVIS,2,2,1,1,10
124,D,4/20/23,6,11:48,Anthophora_sp,LPED,1,3,6,1,19
124,D,4/20/23,6,11:48,Anthophora_sp,LPED,2,4,11,1,4
124,D,4/20/23,6,11:48,Anthophora_sp,LPED,1,3,5,2,4
125,B,4/20/23,6,12:12,Anthophora_sp,LPED,1,1,18,4,
125,B,4/20/23,6,12:12,Anthophora_sp,LPED,2,2,5,3,8
125,B,4/20/23,6,12:12,Anthophora_sp,LVIS,1,3,1,1,5
125,B,4/20/23,6,12:12,Anthophora_sp,LVIS,2,4,1,1,2
125,B,4/20/23,6,12:12,Anthophora_sp,LVIS,3,5,1,1,2
126,A,4/20/23,6,12:24,Anthophora_sp,LPED,1,1,28,29,
126,A,4/20/23,6,12:24,Anthophora_sp,LPED,2,2,55,38,7
126,A,4/20/23,6,12:24,Anthophora_sp,LPED,3,3,97,62,9
126,A,4/20/23,6,12:24,Anthophora_sp,LPED,4,4,61,23,7
126,A,4/20/23,6,12:24,Anthophora_sp,LPED,5,5,105,83,6
126,A,4/20/23,6,12:24,Anthophora_sp,LPED,4,4,61,6,6
127,A,4/20/23,6,12:28,Bombylius_sp,LPED,1,1,97,3,
127,A,4/20/23,6,12:28,Bombylius_sp,LPED,2,2,130,60,12
128,A,4/20/23,6,12:33,Xylocopa_cantabrita,LPED,1,1,63,1,
128,A,4/20/23,6,12:33,Xylocopa_cantabrita,LPED,2,2,115,1,11
129,A,4/24/23,7,10:42,Apis_mellifera,CLIB,1,1,10,3,
130,A,4/24/23,7,10:50,Lasioglossum_sp,AST_sp1,1,1,1,1,
130,A,4/24/23,7,10:50,Lasioglossum_sp,AST_sp1,2,2,1,1,3
130,A,4/24/23,7,10:50,Lasioglossum_sp,AST_sp1,3,3,1,1,3
130,A,4/24/23,7,10:50,Lasioglossum_sp,AST_sp1,4,4,1,1,3
130,A,4/24/23,7,10:50,Lasioglossum_sp,AST_sp1,5,5,1,1,3
130,A,4/24/23,7,10:50,Lasioglossum_sp,AST_sp1,6,6,1,1,3
130,A,4/24/23,7,10:50,Lasioglossum_sp,AST_sp1,7,7,1,1,3
130,A,4/24/23,7,10:50,Lasioglossum_sp,AST_sp1,8,8,1,1,3
130,A,4/24/23,7,10:50,Lasioglossum_sp,AST_sp1,9,9,1,1,3
130,A,4/24/23,7,10:50,Lasioglossum_sp,AST_sp1,10,10,1,1,3
131,A,4/24/23,7,10:51,Lasioglossum_sp,AST_sp1,1,1,1,1,3
131,A,4/24/23,7,10:51,Lasioglossum_sp,AST_sp1,2,2,1,1,3
131,A,4/24/23,7,10:51,Lasioglossum_sp,AST_sp1,3,3,1,1,3
131,A,4/24/23,7,10:51,Lasioglossum_sp,AST_sp1,4,4,1,1,3
131,A,4/24/23,7,10:51,Lasioglossum_sp,AST_sp1,5,5,1,1,3
132,A,4/24/23,7,10:51,Lasioglossum_sp,AST_sp1,1,1,1,1,
132,A,4/24/23,7,10:51,Lasioglossum_sp,AST_sp1,2,2,1,1,3
132,A,4/24/23,7,10:51,Lasioglossum_sp,AST_sp1,3,3,1,1,3
133,A,4/24/23,7,10:52,Eucera_sp,AST_sp1,1,1,1,1,
133,A,4/24/23,7,10:52,Eucera_sp,AST_sp1,2,2,1,1,23
133,A,4/24/23,7,10:52,Eucera_sp,AST_sp1,3,3,1,1,3
133,A,4/24/23,7,10:52,Eucera_sp,AST_sp1,4,4,1,1,3
133,A,4/24/23,7,10:52,Eucera_sp,AST_sp1,5,5,1,1,3
133,A,4/24/23,7,10:52,Eucera_sp,AST_sp1,6,6,1,1,3
133,A,4/24/23,7,10:52,Eucera_sp,AST_sp1,7,7,1,1,3
133,A,4/24/23,7,10:52,Eucera_sp,AST_sp1,8,8,1,1,3
133,A,4/24/23,7,10:52,Eucera_sp,LPED,1,9,210,1,3
134,A,4/24/23,7,10:53,Anthophora_sp,LPED,1,1,210,5,
134,A,4/24/23,7,10:53,Anthophora_sp,LVIS,1,2,1,1,15
134,A,4/24/23,7,10:53,Anthophora_sp,LVIS,2,3,1,1,3
134,A,4/24/23,7,10:53,Anthophora_sp,LVIS,3,4,1,1,3
134,A,4/24/23,7,10:53,Anthophora_sp,LVIS,4,5,1,1,3
134,A,4/24/23,7,10:53,Anthophora_sp,LVIS,5,6,1,1,3
134,A,4/24/23,7,10:53,Anthophora_sp,LVIS,6,7,1,1,3
135,A,4/24/23,7,11:00,Lasioglossum_sp,AST_sp1,1,1,1,1,
135,A,4/24/23,7,11:00,Lasioglossum_sp,AST_sp1,2,2,1,1,3
135,A,4/24/23,7,11:00,Lasioglossum_sp,AST_sp1,3,3,1,1,3
135,A,4/24/23,7,11:00,Lasioglossum_sp,AST_sp1,4,4,1,1,3
136,A,4/24/23,7,11:06,Xylocopa_cantabrita,CLIB,1,1,NA,4,
137,A,4/24/23,7,11:06,Andrena_hispania,CLIB,1,1,37,16,
137,A,4/24/23,7,11:06,Andrena_hispania,CLIB,2,2,45,12,11
137,A,4/24/23,7,11:06,Andrena_hispania,HCOM,1,3,2,1,21
138,B,4/24/23,7,11:18,Lasioglossum_sp,AST_sp1,1,1,1,1,
138,B,4/24/23,7,11:18,Lasioglossum_sp,AST_sp1,2,2,1,1,3
138,B,4/24/23,7,11:18,Lasioglossum_sp,AST_sp1,3,3,1,1,3
139,B,4/24/23,7,11:19,Lasioglossum_sp,AST_sp1,1,1,1,1,
139,B,4/24/23,7,11:19,Lasioglossum_sp,AST_sp1,2,2,1,1,3
139,B,4/24/23,7,11:19,Lasioglossum_sp,AST_sp1,3,3,1,1,3
139,B,4/24/23,7,11:19,Lasioglossum_sp,AST_sp1,4,4,1,1,3
139,B,4/24/23,7,11:19,Lasioglossum_sp,AST_sp1,5,5,1,1,3
139,B,4/24/23,7,11:19,Lasioglossum_sp,AST_sp1,6,6,1,1,3
139,B,4/24/23,7,11:19,Lasioglossum_sp,AST_sp1,7,7,1,1,3
139,B,4/24/23,7,11:19,Lasioglossum_sp,AST_sp1,8,8,1,1,3
139,B,4/24/23,7,11:19,Lasioglossum_sp,AST_sp1,9,9,1,1,3
139,B,4/24/23,7,11:19,Lasioglossum_sp,AST_sp1,10,10,1,1,3
139,B,4/24/23,7,11:19,Lasioglossum_sp,AST_sp1,11,11,1,1,3
139,B,4/24/23,7,11:19,Lasioglossum_sp,AST_sp1,12,12,1,1,3
139,B,4/24/23,7,11:19,Lasioglossum_sp,AST_sp1,13,13,1,1,3
139,B,4/24/23,7,11:19,Lasioglossum_sp,AST_sp1,14,14,1,1,3
139,B,4/24/23,7,11:19,Lasioglossum_sp,AST_sp1,15,15,1,1,3
139,B,4/24/23,7,11:19,Lasioglossum_sp,AST_sp1,16,16,1,1,3
139,B,4/24/23,7,11:19,Lasioglossum_sp,AST_sp1,17,17,1,1,3
139,B,4/24/23,7,11:19,Lasioglossum_sp,AST_sp1,18,18,1,1,3
139,B,4/24/23,7,11:19,Lasioglossum_sp,AST_sp1,19,19,1,1,3
139,B,4/24/23,7,11:19,Lasioglossum_sp,AST_sp1,20,20,1,1,3
139,B,4/24/23,7,11:19,Lasioglossum_sp,AST_sp1,21,21,1,1,3
139,B,4/24/23,7,11:19,Lasioglossum_sp,AST_sp1,22,22,1,1,3
140,B,4/24/23,7,11:23,Andrena_hispania,CLIB,1,1,26,7,
140,B,4/24/23,7,11:23,Andrena_hispania,CLIB,2,2,66,2,22
140,B,4/24/23,7,11:23,Andrena_hispania,CLIB,3,3,60,10,14
141,B,4/24/23,7,11:31,Andrena_hispania,CLIB,1,1,46,5,
141,B,4/24/23,7,11:31,Andrena_hispania,CLIB,2,2,35,2,12
141,B,4/24/23,7,11:31,Andrena_hispania,CLIB,3,3,28,3,14
141,B,4/24/23,7,11:31,Andrena_hispania,CLIB,4,4,4,1,5
141,B,4/24/23,7,11:31,Andrena_hispania,AVEL,1,5,7,1,20
141,B,4/24/23,7,11:31,Andrena_hispania,CLIB,5,6,10,1,4
141,B,4/24/23,7,11:31,Andrena_hispania,AVEL,1,5,7,1,4
142,B,4/24/23,7,11:41,Xylocopa_cantabrita,CLIB,1,1,81,11,
142,B,4/24/23,7,11:41,Xylocopa_cantabrita,CLIB,2,2,45,3,37
142,B,4/24/23,7,11:41,Xylocopa_cantabrita,LPED,1,3,10,3,22
143,D,4/24/23,7,12:04,Xylocopa_cantabrita,LPED,1,1,33,3,
143,D,4/24/23,7,12:04,Xylocopa_cantabrita,LPED,2,2,24,1,7
143,D,4/24/23,7,12:04,Xylocopa_cantabrita,LPED,3,3,20,5,41
143,D,4/24/23,7,12:04,Xylocopa_cantabrita,LPED,4,4,9,2,13
143,D,4/24/23,7,12:04,Xylocopa_cantabrita,LPED,5,5,24,4,4
143,D,4/24/23,7,12:04,Xylocopa_cantabrita,LPED,6,6,8,1,6
143,D,4/24/23,7,12:04,Xylocopa_cantabrita,LPED,7,7,7,3,11
144,F,4/25/23,7,9:25,Xylocopa_cantabrita,HHAL,1,1,36,5,
145,F,4/25/23,7,9:27,Xylocopa_cantabrita,CLIB,1,1,43,13,
145,F,4/25/23,7,9:27,Xylocopa_cantabrita,HHAL,1,2,36,9,85
145,F,4/25/23,7,9:27,Xylocopa_cantabrita,HCOM,1,3,2,1,30
146,F,4/25/23,7,9:28,Xylocopa_cantabrita,HHAL,1,1,36,10,
146,F,4/25/23,7,9:28,Xylocopa_cantabrita,CLIB,1,2,43,3,33
147,F,4/25/23,7,9:35,Xylocopa_cantabrita,HHAL,1,1,36,1,
147,F,4/25/23,7,9:35,Xylocopa_cantabrita,CLIB,1,2,18,20,37
147,F,4/25/23,7,9:35,Xylocopa_cantabrita,ROFF,1,3,29,14,125
147,F,4/25/23,7,9:35,Xylocopa_cantabrita,ROFF,2,4,4,1,16
147,F,4/25/23,7,9:35,Xylocopa_cantabrita,HHAL,1,1,36,4,88
148,F,4/25/23,7,9:45,Xylocopa_cantabrita,CLIB,1,1,43,19,
148,F,4/25/23,7,9:45,Xylocopa_cantabrita,CLIB,2,2,8,2,40
148,F,4/25/23,7,9:45,Xylocopa_cantabrita,CLIB,3,3,9,3,14
148,F,4/25/23,7,9:45,Xylocopa_cantabrita,CLIB,4,4,1,1,35
148,F,4/25/23,7,9:45,Xylocopa_cantabrita,CLIB,5,5,9,4,10
149,E,4/25/23,7,9:57,Xylocopa_cantabrita,CLIB,1,1,19,11,
149,E,4/25/23,7,9:57,Xylocopa_cantabrita,LPED,1,2,41,4,13
149,E,4/25/23,7,9:57,Xylocopa_cantabrita,LPED,2,3,112,5,10
150,E,4/25/23,7,10:03,Lasioglossum_sp,AST_sp1,1,1,1,1,
150,E,4/25/23,7,10:03,Lasioglossum_sp,AST_sp1,2,2,1,1,3
150,E,4/25/23,7,10:03,Lasioglossum_sp,AST_sp1,3,3,1,1,3
150,E,4/25/23,7,10:03,Lasioglossum_sp,AST_sp1,4,4,1,1,3
150,E,4/25/23,7,10:03,Lasioglossum_sp,AST_sp1,5,5,1,1,3
150,E,4/25/23,7,10:03,Lasioglossum_sp,AST_sp1,6,6,1,1,3
150,E,4/25/23,7,10:03,Lasioglossum_sp,AST_sp1,7,7,1,1,3
150,E,4/25/23,7,10:03,Lasioglossum_sp,AST_sp1,8,8,1,1,3
150,E,4/25/23,7,10:03,Lasioglossum_sp,AST_sp1,9,9,1,1,3
150,E,4/25/23,7,10:03,Lasioglossum_sp,AST_sp1,10,10,1,1,3
150,E,4/25/23,7,10:03,Lasioglossum_sp,AST_sp1,11,11,1,1,3
150,E,4/25/23,7,10:03,Lasioglossum_sp,AST_sp1,12,12,1,1,3
150,E,4/25/23,7,10:03,Lasioglossum_sp,AST_sp1,13,13,1,1,3
150,E,4/25/23,7,10:03,Lasioglossum_sp,AST_sp1,14,14,1,1,3
150,E,4/25/23,7,10:03,Lasioglossum_sp,AST_sp1,15,15,1,1,3
150,E,4/25/23,7,10:03,Lasioglossum_sp,AST_sp1,16,16,1,1,3
150,E,4/25/23,7,10:03,Lasioglossum_sp,AST_sp1,17,17,1,1,3
150,E,4/25/23,7,10:03,Lasioglossum_sp,AST_sp1,18,18,1,1,3
151,E,4/25/23,7,10:07,Xylocopa_cantabrita,LPED,1,1,39,2,
151,E,4/25/23,7,10:07,Xylocopa_cantabrita,LPED,2,2,31,9,16
151,E,4/25/23,7,10:07,Xylocopa_cantabrita,LPED,3,3,33,10,3
151,E,4/25/23,7,10:07,Xylocopa_cantabrita,LPED,4,4,15,3,3
151,E,4/25/23,7,10:07,Xylocopa_cantabrita,CLIB,1,5,26,1,41
152,B,4/25/23,7,10:46,Lasioglossum_sp,AST_sp1,1,1,1,1,
152,B,4/25/23,7,10:46,Lasioglossum_sp,AST_sp1,2,2,1,1,3
152,B,4/25/23,7,10:46,Lasioglossum_sp,AST_sp1,3,3,1,1,3
152,B,4/25/23,7,10:46,Lasioglossum_sp,AST_sp1,4,4,1,1,3
152,B,4/25/23,7,10:46,Lasioglossum_sp,AST_sp1,5,5,1,1,3
152,B,4/25/23,7,10:46,Lasioglossum_sp,AST_sp1,6,6,1,1,3
152,B,4/25/23,7,10:46,Lasioglossum_sp,AST_sp1,7,7,1,1,3
153,A,4/25/23,7,11:01,Xylocopa_cantabrita,LPED,1,1,100,19,
153,A,4/25/23,7,11:01,Xylocopa_cantabrita,LPED,2,2,19,2,17
153,A,4/25/23,7,11:01,Xylocopa_cantabrita,LPED,3,3,27,3,11
153,A,4/25/23,7,11:01,Xylocopa_cantabrita,LPED,4,4,22,13,6
153,A,4/25/23,7,11:01,Xylocopa_cantabrita,LPED,5,5,16,1,6
153,A,4/25/23,7,11:01,Xylocopa_cantabrita,LPED,6,6,130,1,18
153,A,4/25/23,7,11:01,Xylocopa_cantabrita,LPED,7,7,75,1,7
153,A,4/25/23,7,11:01,Xylocopa_cantabrita,LPED,8,8,65,3,8
153,A,4/25/23,7,11:01,Xylocopa_cantabrita,LPED,9,9,10,2,11
154,A,4/25/23,7,11:14,Xylocopa_cantabrita,CLIB,1,1,49,10,
154,A,4/25/23,7,11:14,Xylocopa_cantabrita,LPED,1,2,43,6,20
154,A,4/25/23,7,11:14,Xylocopa_cantabrita,LPED,2,3,60,3,14
154,A,4/25/23,7,11:14,Xylocopa_cantabrita,LPED,3,4,29,4,15
154,A,4/25/23,7,11:14,Xylocopa_cantabrita,LPED,4,5,100,3,46
154,A,4/25/23,7,11:14,Xylocopa_cantabrita,LPED,5,6,66,48,9
154,A,4/25/23,7,11:14,Xylocopa_cantabrita,LPED,6,7,68,2,16
154,A,4/25/23,7,11:14,Xylocopa_cantabrita,LPED,7,8,22,1,30
155,A,4/25/23,7,11:32,Xylocopa_cantabrita,LPED,1,1,80,12,
155,A,4/25/23,7,11:32,Xylocopa_cantabrita,LPED,2,2,9,11,5
155,A,4/25/23,7,11:32,Xylocopa_cantabrita,LPED,3,3,28,13,4
155,A,4/25/23,7,11:32,Xylocopa_cantabrita,LPED,4,4,10,2,7
155,A,4/25/23,7,11:32,Xylocopa_cantabrita,LPED,5,5,80,41,5
155,A,4/25/23,7,11:32,Xylocopa_cantabrita,LPED,6,6,15,10,17
155,A,4/25/23,7,11:32,Xylocopa_cantabrita,LPED,4,4,10,4,13
155,A,4/25/23,7,11:32,Xylocopa_cantabrita,LPED,6,6,15,4,13
155,A,4/25/23,7,11:32,Xylocopa_cantabrita,LPED,7,7,60,17,14
155,A,4/25/23,7,11:32,Xylocopa_cantabrita,LPED,8,8,53,3,17
155,A,4/25/23,7,11:32,Xylocopa_cantabrita,LPED,9,9,49,7,15
155,A,4/25/23,7,11:32,Xylocopa_cantabrita,CLIB,1,10,17,1,19
155,A,4/25/23,7,11:32,Xylocopa_cantabrita,LPED,10,11,13,1,7
156,A,4/25/23,7,11:35,Eucera_sp,LPED,1,1,7,2,
156,A,4/25/23,7,11:35,Eucera_sp,LPED,2,2,80,3,7
156,A,4/25/23,7,11:35,Eucera_sp,LPED,3,3,64,2,8
156,A,4/25/23,7,11:35,Eucera_sp,LPED,2,2,80,5,8
157,A,5/2/23,8,10:08,Xylocopa_cantabrita,CLIB,1,1,102,9,
157,A,5/2/23,8,10:08,Xylocopa_cantabrita,CLIB,2,2,73,41,14
158,A,5/2/23,8,10:13,Eucera_sp,CLIB,1,1,102,4,
158,A,5/2/23,8,10:13,Eucera_sp,CLIB,2,2,43,1,12
159,A,5/2/23,8,10:23,Xylocopa_cantabrita,CLIB,1,1,23,11,
159,A,5/2/23,8,10:23,Xylocopa_cantabrita,HHAL,1,2,9,4,12
160,A,5/2/23,8,10:40,Andrena_hispania,CLIB,1,1,34,6,
160,A,5/2/23,8,10:40,Andrena_hispania,CLIB,2,2,28,16,36
160,A,5/2/23,8,10:40,Andrena_hispania,CLIB,3,3,16,4,7
160,A,5/2/23,8,10:40,Andrena_hispania,CLIB,4,4,12,9,5
160,A,5/2/23,8,10:40,Andrena_hispania,CLIB,5,5,23,3,3
161,B,5/2/23,8,10:42,Eucera_sp,CLIB,1,1,23,2,
161,B,5/2/23,8,10:42,Eucera_sp,CLIB,2,2,28,13,13
162,B,5/2/23,8,10:45,Xylocopa_cantabrita,CLIB,1,1,34,2,
162,B,5/2/23,8,10:45,Xylocopa_cantabrita,CLIB,2,2,26,3,17
162,B,5/2/23,8,10:45,Xylocopa_cantabrita,CLIB,3,3,28,1,45
162,B,5/2/23,8,10:45,Xylocopa_cantabrita,CLIB,4,4,46,2,50
162,B,5/2/23,8,10:45,Xylocopa_cantabrita,CLIB,2,2,26,5,5
162,B,5/2/23,8,10:45,Xylocopa_cantabrita,CLIB,4,4,46,3,5
163,B,5/2/23,8,11:03,Xylocopa_cantabrita,LPED,1,1,10,2,
164,A,5/4/23,8,10:24,Eucera_sp,HHAL,1,1,68,15,
164,A,5/4/23,8,10:24,Eucera_sp,HHAL,2,2,6,2,46
164,A,5/4/23,8,10:24,Eucera_sp,HHAL,3,3,3,3,28
165,A,5/4/23,8,10:31,Eucera_sp,CLIB,1,1,101,14,
165,A,5/4/23,8,10:31,Eucera_sp,CLIB,2,2,29,8,11
165,A,5/4/23,8,10:31,Eucera_sp,CLIB,1,1,101,2,11
165,A,5/4/23,8,10:31,Eucera_sp,CLIB,3,3,84,1,16
166,A,5/4/23,8,10:32,Eucera_sp,CLIB,1,1,84,22,
166,A,5/4/23,8,10:32,Eucera_sp,LPED,1,2,49,2,6
166,A,5/4/23,8,10:32,Eucera_sp,HHAL,1,3,3,2,10
167,A,5/4/23,8,10:32,Eucera_sp,CLIB,1,1,101,5,
167,A,5/4/23,8,10:32,Eucera_sp,CLIB,2,2,15,17,16
167,A,5/4/23,8,10:32,Eucera_sp,LPED,1,3,4,1,5
167,A,5/4/23,8,10:32,Eucera_sp,CLIB,2,2,15,2,5
167,A,5/4/23,8,10:32,Eucera_sp,CLIB,3,4,29,7,9
167,A,5/4/23,8,10:32,Eucera_sp,LPED,2,5,52,2,6
167,A,5/4/23,8,10:32,Eucera_sp,CLIB,1,1,101,8,10
167,A,5/4/23,8,10:32,Eucera_sp,CLIB,3,4,29,5,11
168,A,5/4/23,8,10:48,Eucera_sp,CLIB,1,1,15,7,
168,A,5/4/23,8,10:48,Eucera_sp,CLIB,2,2,29,2,9
168,A,5/4/23,8,10:48,Eucera_sp,CLIB,3,3,101,7,11
169,B,5/4/23,8,10:58,Lasioglossum_sp,CLIB,1,1,59,2,
169,B,5/4/23,8,10:58,Lasioglossum_sp,CLIB,2,2,39,5,6
169,B,5/4/23,8,10:58,Lasioglossum_sp,AVEL,1,3,27,10,12
169,B,5/4/23,8,10:58,Lasioglossum_sp,CLIB,3,4,16,2,5
170,D,5/4/23,8,11:16,Xylocopa_cantabrita,CLIB,1,1,45,4,
171,D,5/4/23,8,11:18,Xylocopa_cantabrita,CLIB,1,1,43,15,
171,D,5/4/23,8,11:18,Xylocopa_cantabrita,CLIB,2,2,37,6,13
172,D,5/4/23,8,11:18,Xylocopa_cantabrita,CLIB,1,1,43,14,
173,E,5/4/23,8,11:34,Xylocopa_cantabrita,LPED,1,1,47,2,
173,E,5/4/23,8,11:34,Xylocopa_cantabrita,LPED,2,2,42,5,24
173,E,5/4/23,8,11:34,Xylocopa_cantabrita,LPED,3,3,19,1,6
174,E,5/4/23,8,11:40,Xylocopa_cantabrita,LPED,1,1,67,2,
174,E,5/4/23,8,11:40,Xylocopa_cantabrita,LPED,2,2,49,3,18
175,E,5/4/23,8,11:44,Eucera_sp,LPED,1,1,5,1,
175,E,5/4/23,8,11:44,Eucera_sp,LPED,2,2,3,1,8
175,E,5/4/23,8,11:44,Eucera_sp,LPED,3,3,42,2,6
176,E,5/4/23,8,11:52,Eucera_sp,LPED,1,1,11,2,
176,E,5/4/23,8,11:52,Eucera_sp,LPED,2,2,12,1,4
176,E,5/4/23,8,11:52,Eucera_sp,LPED,3,3,24,10,9
176,E,5/4/23,8,11:52,Eucera_sp,LPED,4,4,8,1,26
176,E,5/4/23,8,11:52,Eucera_sp,LPED,5,5,14,3,9
176,E,5/4/23,8,11:52,Eucera_sp,LPED,6,6,14,5,30
176,E,5/4/23,8,11:52,Eucera_sp,LPED,7,7,63,7,5
176,E,5/4/23,8,11:52,Eucera_sp,LPED,8,8,18,1,8
176,E,5/4/23,8,11:52,Eucera_sp,CLIB,1,9,75,24,25
177,E,5/9/23,9,10:43,Xylocopa_cantabrita,LPED,1,1,8,3,
177,E,5/9/23,9,10:43,Xylocopa_cantabrita,CLIB,1,2,20,5,5
178,A,5/9/23,9,11:22,Bombylius_sp,LPED,1,1,35,9,
178,A,5/9/23,9,11:22,Bombylius_sp,LPED,2,2,37,24,8
179,A,5/9/23,9,11:32,Xylocopa_cantabrita,HHAL,1,1,41,19,
179,A,5/9/23,9,11:32,Xylocopa_cantabrita,CLIB,1,2,13,9,38
179,A,5/9/23,9,11:32,Xylocopa_cantabrita,HHAL,2,3,8,1,28
180,A,5/9/23,9,11:39,Plebejus_argus,LPED,1,1,9,2,
180,A,5/9/23,9,11:39,Plebejus_argus,LPED,2,2,NA,14,25
181,A,4/23/24,10,11:09,Bombylius_sp,LPED,1,1,74,4,
181,A,4/23/24,10,11:09,Bombylius_sp,AST_sp1,1,2,1,1,7
181,A,4/23/24,10,11:09,Bombylius_sp,AST_sp1,2,3,1,1,7
181,A,4/23/24,10,11:09,Bombylius_sp,LPED,2,4,24,8,15
181,A,4/23/24,10,11:09,Bombylius_sp,LPED,3,5,15,1,10
181,A,4/23/24,10,11:09,Bombylius_sp,LPED,4,6,27,2,8
181,A,4/23/24,10,11:09,Bombylius_sp,AST_sp1,3,7,1,1,6
182,A,4/23/24,10,11:18,Xylocopa_cantabrita,CLIB,1,1,24,4,
182,A,4/23/24,10,11:18,Xylocopa_cantabrita,LPED,1,2,15,7,13
182,A,4/23/24,10,11:18,Xylocopa_cantabrita,LPED,2,3,143,11,7
182,A,4/23/24,10,11:18,Xylocopa_cantabrita,SNIC,1,4,8,5,6
182,A,4/23/24,10,11:18,Xylocopa_cantabrita,SNIC,2,5,4,1,2
182,A,4/23/24,10,11:18,Xylocopa_cantabrita,LPED,3,6,6,1,18
183,B,4/23/24,10,11:56,Xylocopa_cantabrita,SNIC,1,1,29,7,
184,B,4/23/24,10,11:57,Lasioglossum_sp,AST_sp1,1,1,1,1,
184,B,4/23/24,10,11:57,Lasioglossum_sp,AST_sp1,2,2,1,1,3
184,B,4/23/24,10,11:57,Lasioglossum_sp,AST_sp1,3,3,1,1,2
185,B,4/23/24,10,11:58,Xylocopa_cantabrita,CLIB,1,1,17,1,
185,B,4/23/24,10,11:58,Xylocopa_cantabrita,CLIB,2,2,96,1,14
185,B,4/23/24,10,11:58,Xylocopa_cantabrita,CLIB,3,3,61,3,9
186,B,4/23/24,10,11:59,Xylocopa_cantabrita,CLIB,1,1,61,14,
186,B,4/23/24,10,11:59,Xylocopa_cantabrita,CLIB,2,2,13,4,14
186,B,4/23/24,10,11:59,Xylocopa_cantabrita,SNIC,1,3,9,1,9
186,B,4/23/24,10,11:59,Xylocopa_cantabrita,CLIB,3,4,39,38,23
186,B,4/23/24,10,11:59,Xylocopa_cantabrita,CLIB,4,5,2,2,10
187,E,4/23/24,10,12:45,Lasioglossum_sp,AST_sp1,1,1,1,1,
187,E,4/23/24,10,12:45,Lasioglossum_sp,AST_sp1,2,2,1,1,1
187,E,4/23/24,10,12:45,Lasioglossum_sp,AST_sp1,3,3,1,1,1
187,E,4/23/24,10,12:45,Lasioglossum_sp,AST_sp1,4,4,1,1,5
187,E,4/23/24,10,12:45,Lasioglossum_sp,AST_sp1,5,5,1,1,1
187,E,4/23/24,10,12:45,Lasioglossum_sp,AST_sp1,6,6,2,1,1
188,E,4/23/24,10,12:49,Xylocopa_cantabrita,LPED,1,1,27,3,
188,E,4/23/24,10,12:49,Xylocopa_cantabrita,FAB,1,2,63,3,9
188,E,4/23/24,10,12:49,Xylocopa_cantabrita,HCOM,1,3,11,1,7
188,E,4/23/24,10,12:49,Xylocopa_cantabrita,CLIB,1,4,34,2,14
188,E,4/23/24,10,12:49,Xylocopa_cantabrita,LPED,2,5,23,2,8
188,E,4/23/24,10,12:49,Xylocopa_cantabrita,LPED,3,6,4,14,7
188,E,4/23/24,10,12:49,Xylocopa_cantabrita,LPED,4,7,72,26,7
188,E,4/23/24,10,12:49,Xylocopa_cantabrita,LPED,5,8,38,2,8
188,E,4/23/24,10,12:49,Xylocopa_cantabrita,CLIB,2,9,49,1,10
188,E,4/23/24,10,12:49,Xylocopa_cantabrita,CLIB,3,10,40,2,18
188,E,4/23/24,10,12:49,Xylocopa_cantabrita,LPED,6,11,11,4,25
188,E,4/23/24,10,12:49,Xylocopa_cantabrita,LPED,7,12,10,27,4
188,E,4/23/24,10,12:49,Xylocopa_cantabrita,LPED,8,13,16,3,14
189,E,4/23/24,10,12:53,Anthophora_sp,EVUL,1,1,184,26,
190,E,4/23/24,10,13:03,Xylocopa_cantabrita,CLIB,1,1,66,13,
191,B,4/24/24,10,11:00,Xylocopa_cantabrita,SNIC,1,1,1,1,
191,B,4/24/24,10,11:00,Xylocopa_cantabrita,SNIC,2,2,1,1,1
191,B,4/24/24,10,11:00,Xylocopa_cantabrita,SNIC,3,3,1,1,1
191,B,4/24/24,10,11:00,Xylocopa_cantabrita,SNIC,4,4,1,1,1
191,B,4/24/24,10,11:00,Xylocopa_cantabrita,SNIC,5,5,1,1,1
191,B,4/24/24,10,11:00,Xylocopa_cantabrita,SNIC,6,6,1,1,1
191,B,4/24/24,10,11:00,Xylocopa_cantabrita,SNIC,7,7,1,1,1
191,B,4/24/24,10,11:00,Xylocopa_cantabrita,SNIC,8,8,1,1,1
191,B,4/24/24,10,11:00,Xylocopa_cantabrita,SNIC,9,9,1,1,1
191,B,4/24/24,10,11:00,Xylocopa_cantabrita,SNIC,10,10,1,1,1
191,B,4/24/24,10,11:00,Xylocopa_cantabrita,SNIC,11,11,1,1,1
191,B,4/24/24,10,11:00,Xylocopa_cantabrita,SNIC,12,12,1,1,1
191,B,4/24/24,10,11:00,Xylocopa_cantabrita,SNIC,13,13,1,1,1
191,B,4/24/24,10,11:00,Xylocopa_cantabrita,SNIC,14,14,1,1,1
191,B,4/24/24,10,11:00,Xylocopa_cantabrita,SNIC,15,15,1,1,1
191,B,4/24/24,10,11:00,Xylocopa_cantabrita,SNIC,16,16,1,1,1
191,B,4/24/24,10,11:00,Xylocopa_cantabrita,CLIB,1,17,17,2,7
191,B,4/24/24,10,11:00,Xylocopa_cantabrita,SNIC,17,18,1,1,14
192,B,4/24/24,10,11:05,Xylocopa_cantabrita,LPED,1,1,13,3,
192,B,4/24/24,10,11:05,Xylocopa_cantabrita,SNIC,1,2,1,1,6
192,B,4/24/24,10,11:05,Xylocopa_cantabrita,SNIC,2,3,1,1,1
192,B,4/24/24,10,11:05,Xylocopa_cantabrita,SNIC,3,4,1,1,1
192,B,4/24/24,10,11:05,Xylocopa_cantabrita,SNIC,4,5,1,1,1
192,B,4/24/24,10,11:05,Xylocopa_cantabrita,SNIC,5,6,1,1,25
192,B,4/24/24,10,11:05,Xylocopa_cantabrita,SNIC,6,7,1,1,1
192,B,4/24/24,10,11:05,Xylocopa_cantabrita,SNIC,7,8,1,1,1
192,B,4/24/24,10,11:05,Xylocopa_cantabrita,SNIC,8,9,1,1,1
192,B,4/24/24,10,11:05,Xylocopa_cantabrita,SNIC,9,10,1,1,1
192,B,4/24/24,10,11:05,Xylocopa_cantabrita,CLIB,1,11,96,10,29
192,B,4/24/24,10,11:05,Xylocopa_cantabrita,LPED,2,12,56,4,7
192,B,4/24/24,10,11:05,Xylocopa_cantabrita,CLIB,1,13,96,12,7
192,B,4/24/24,10,11:05,Xylocopa_cantabrita,SNIC,10,14,1,1,13
192,B,4/24/24,10,11:05,Xylocopa_cantabrita,CLIB,2,15,38,7,5
192,B,4/24/24,10,11:05,Xylocopa_cantabrita,CLIB,3,16,45,23,10
193,A,4/24/24,10,11:37,Xylocopa_cantabrita,LPED,1,1,46,4,
194,F,4/24/24,10,12:02,Xylocopa_cantabrita,SNIC,1,1,1,1,
194,F,4/24/24,10,12:02,Xylocopa_cantabrita,SNIC,2,2,1,1,1
194,F,4/24/24,10,12:02,Xylocopa_cantabrita,SNIC,3,3,1,1,1
194,F,4/24/24,10,12:02,Xylocopa_cantabrita,LVIS,1,4,1,1,5
194,F,4/24/24,10,12:02,Xylocopa_cantabrita,SNIC,4,5,1,1,24
194,F,4/24/24,10,12:02,Xylocopa_cantabrita,SNIC,5,6,1,1,1
194,F,4/24/24,10,12:02,Xylocopa_cantabrita,SNIC,6,7,1,1,1
195,F,4/24/24,10,12:02,Xylocopa_cantabrita,SNIC,1,1,1,1,
195,F,4/24/24,10,12:02,Xylocopa_cantabrita,SNIC,2,2,1,1,1
195,F,4/24/24,10,12:02,Xylocopa_cantabrita,SNIC,3,3,1,1,1
195,F,4/24/24,10,12:02,Xylocopa_cantabrita,LVIS,1,4,2,1,3
195,F,4/24/24,10,12:02,Xylocopa_cantabrita,SNIC,4,5,1,1,33
195,F,4/24/24,10,12:02,Xylocopa_cantabrita,SNIC,5,6,1,1,1
195,F,4/24/24,10,12:02,Xylocopa_cantabrita,LVIS,2,7,1,1,6
195,F,4/24/24,10,12:02,Xylocopa_cantabrita,ROFF,1,8,6,3,8
195,F,4/24/24,10,12:02,Xylocopa_cantabrita,SNIC,6,9,1,1,7
195,F,4/24/24,10,12:02,Xylocopa_cantabrita,SNIC,7,10,1,1,8
196,F,4/24/24,10,12:07,Xylocopa_cantabrita,CLIB,1,1,88,43,
196,F,4/24/24,10,12:07,Xylocopa_cantabrita,CLIB,2,2,24,4,8
196,F,4/24/24,10,12:07,Xylocopa_cantabrita,CLIB,1,3,88,2,8
196,F,4/24/24,10,12:07,Xylocopa_cantabrita,CLIB,2,4,24,3,8
196,F,4/24/24,10,12:07,Xylocopa_cantabrita,SNIC,1,5,1,1,7
196,F,4/24/24,10,12:07,Xylocopa_cantabrita,SNIC,2,6,1,1,1
196,F,4/24/24,10,12:07,Xylocopa_cantabrita,CLIB,3,7,63,13,11
196,F,4/24/24,10,12:07,Xylocopa_cantabrita,LPED,1,8,30,8,5
196,F,4/24/24,10,12:07,Xylocopa_cantabrita,CLIB,3,9,63,4,5
196,F,4/24/24,10,12:07,Xylocopa_cantabrita,LPED,1,10,30,4,5
197,A,4/29/24,11,10:51,Amegilla_sp,LVIS,1,1,1,1,
197,A,4/29/24,11,10:51,Amegilla_sp,LVIS,2,2,1,1,9
198,A,4/29/24,11,10:55,Megachile_sicula,HCOM,1,1,3,1,
198,A,4/29/24,11,10:55,Megachile_sicula,AST_sp1,1,2,2,1,3
198,A,4/29/24,11,10:55,Megachile_sicula,AST_sp1,2,3,2,1,5
198,A,4/29/24,11,10:55,Megachile_sicula,LPED,1,4,39,4,9
198,A,4/29/24,11,10:55,Megachile_sicula,LPED,2,5,16,2,7
198,A,4/29/24,11,10:55,Megachile_sicula,AST_sp1,3,6,3,1,3
198,A,4/29/24,11,10:55,Megachile_sicula,LPED,3,7,65,3,6
199,A,4/29/24,11,11:02,Xylocopa_cantabrita,LPED,1,1,140,24,
199,A,4/29/24,11,11:02,Xylocopa_cantabrita,LPED,2,2,180,3,19
199,A,4/29/24,11,11:02,Xylocopa_cantabrita,LPED,3,3,53,2,6
199,A,4/29/24,11,11:02,Xylocopa_cantabrita,LPED,4,4,71,3,6
199,A,4/29/24,11,11:02,Xylocopa_cantabrita,LPED,5,5,41,14,15
199,A,4/29/24,11,11:02,Xylocopa_cantabrita,LPED,6,6,125,1,65
199,A,4/29/24,11,11:02,Xylocopa_cantabrita,CLIB,1,7,88,3,45
199,A,4/29/24,11,11:02,Xylocopa_cantabrita,HCOM,1,8,5,2,21
199,A,4/29/24,11,11:02,Xylocopa_cantabrita,CLIB,2,9,24,3,7
199,A,4/29/24,11,11:02,Xylocopa_cantabrita,CLIB,3,10,17,4,51
199,A,4/29/24,11,11:02,Xylocopa_cantabrita,HHAL,1,11,47,6,16
199,A,4/29/24,11,11:02,Xylocopa_cantabrita,CLIB,3,12,16,2,49
199,A,4/29/24,11,11:02,Xylocopa_cantabrita,CLIB,4,13,18,3,25
200,B,4/29/24,11,11:31,Xylocopa_cantabrita,SNIC,1,1,1,1,
200,B,4/29/24,11,11:31,Xylocopa_cantabrita,SNIC,2,2,1,1,
200,B,4/29/24,11,11:31,Xylocopa_cantabrita,SNIC,3,3,1,1,1
200,B,4/29/24,11,11:31,Xylocopa_cantabrita,SNIC,4,4,1,1,1
200,B,4/29/24,11,11:31,Xylocopa_cantabrita,SNIC,5,5,1,1,1
200,B,4/29/24,11,11:31,Xylocopa_cantabrita,CLIB,1,6,2,1,17
200,B,4/29/24,11,11:31,Xylocopa_cantabrita,SNIC,6,7,1,1,6
200,B,4/29/24,11,11:31,Xylocopa_cantabrita,SNIC,7,8,1,1,1
200,B,4/29/24,11,11:31,Xylocopa_cantabrita,SNIC,8,9,1,1,1
200,B,4/29/24,11,11:31,Xylocopa_cantabrita,SNIC,9,10,1,1,1
200,B,4/29/24,11,11:31,Xylocopa_cantabrita,SNIC,10,11,1,1,1
200,B,4/29/24,11,11:31,Xylocopa_cantabrita,SNIC,11,12,1,1,7
200,B,4/29/24,11,11:31,Xylocopa_cantabrita,SNIC,12,13,1,1,3
201,B,4/29/24,11,11:39,Xylocopa_cantabrita,SNIC,1,1,1,1,
201,B,4/29/24,11,11:39,Xylocopa_cantabrita,SNIC,2,2,1,1,
201,B,4/29/24,11,11:39,Xylocopa_cantabrita,SNIC,3,3,1,1,1
201,B,4/29/24,11,11:39,Xylocopa_cantabrita,SNIC,4,4,1,1,1
201,B,4/29/24,11,11:39,Xylocopa_cantabrita,SNIC,5,5,1,1,1
201,B,4/29/24,11,11:39,Xylocopa_cantabrita,SNIC,6,6,1,1,1
201,B,4/29/24,11,11:39,Xylocopa_cantabrita,SNIC,7,7,1,1,1
201,B,4/29/24,11,11:39,Xylocopa_cantabrita,SNIC,8,8,1,1,21
201,B,4/29/24,11,11:39,Xylocopa_cantabrita,SNIC,9,9,1,1,1
201,B,4/29/24,11,11:39,Xylocopa_cantabrita,SNIC,10,10,1,1,1
201,B,4/29/24,11,11:39,Xylocopa_cantabrita,SNIC,11,11,1,1,8
201,B,4/29/24,11,11:39,Xylocopa_cantabrita,SNIC,12,12,1,1,1
201,B,4/29/24,11,11:39,Xylocopa_cantabrita,SNIC,13,13,1,1,1
201,B,4/29/24,11,11:39,Xylocopa_cantabrita,SNIC,14,14,1,1,1
201,B,4/29/24,11,11:39,Xylocopa_cantabrita,SNIC,15,15,1,1,1
201,B,4/29/24,11,11:39,Xylocopa_cantabrita,SNIC,16,16,1,1,1
201,B,4/29/24,11,11:39,Xylocopa_cantabrita,SNIC,17,17,1,1,1
201,B,4/29/24,11,11:39,Xylocopa_cantabrita,SNIC,18,18,1,1,1
201,B,4/29/24,11,11:39,Xylocopa_cantabrita,SNIC,19,19,1,1,1
202,B,4/29/24,11,11:39,Xylocopa_cantabrita,CLIB,1,1,142,5,
202,B,4/29/24,11,11:39,Xylocopa_cantabrita,HHAL,1,2,2,2,10
202,B,4/29/24,11,11:39,Xylocopa_cantabrita,CLIB,2,3,35,3,40
202,B,4/29/24,11,11:39,Xylocopa_cantabrita,CLIB,3,4,111,19,29
202,B,4/29/24,11,11:39,Xylocopa_cantabrita,FAB,1,5,2,1,4
203,E,4/29/24,11,12:10,Lasioglossum_sp,AST_sp1,1,1,1,1,
203,E,4/29/24,11,12:10,Lasioglossum_sp,AST_sp1,2,2,1,1,1
203,E,4/29/24,11,12:10,Lasioglossum_sp,AST_sp1,3,3,1,1,1
203,E,4/29/24,11,12:10,Lasioglossum_sp,AST_sp1,4,4,1,1,1
203,E,4/29/24,11,12:10,Lasioglossum_sp,AST_sp1,5,5,1,1,1
203,E,4/29/24,11,12:10,Lasioglossum_sp,AST_sp1,6,6,1,1,1
203,E,4/29/24,11,12:10,Lasioglossum_sp,AST_sp1,7,7,4,2,1
204,E,4/29/24,11,12:11,Xylocopa_cantabrita,CLIB,1,1,26,5,
204,E,4/29/24,11,12:11,Xylocopa_cantabrita,CLIB,2,2,14,2,20
205,E,4/29/24,11,12:22,Lasioglossum_sp,AST_sp1,1,1,1,1,
205,E,4/29/24,11,12:22,Lasioglossum_sp,AST_sp1,2,2,1,1,1
205,E,4/29/24,11,12:22,Lasioglossum_sp,AST_sp1,3,3,1,1,1
205,E,4/29/24,11,12:22,Lasioglossum_sp,AST_sp1,4,4,1,1,1
205,E,4/29/24,11,12:22,Lasioglossum_sp,AST_sp1,5,5,1,1,1
205,E,4/29/24,11,12:22,Lasioglossum_sp,AST_sp1,6,6,1,1,1
205,E,4/29/24,11,12:22,Lasioglossum_sp,AST_sp1,7,7,1,1,1
205,E,4/29/24,11,12:22,Lasioglossum_sp,AST_sp1,8,8,1,1,1
205,E,4/29/24,11,12:22,Lasioglossum_sp,AST_sp1,9,9,1,1,1
205,E,4/29/24,11,12:22,Lasioglossum_sp,AST_sp1,10,10,3,1,1
205,E,4/29/24,11,12:22,Lasioglossum_sp,AST_sp1,11,11,2,2,1
205,E,4/29/24,11,12:22,Lasioglossum_sp,AST_sp1,12,12,1,1,1
205,E,4/29/24,11,12:22,Lasioglossum_sp,AST_sp1,13,13,1,1,1
205,E,4/29/24,11,12:22,Lasioglossum_sp,AST_sp1,14,14,3,2,1
205,E,4/29/24,11,12:22,Lasioglossum_sp,AST_sp1,10,15,3,1,1
205,E,4/29/24,11,12:22,Lasioglossum_sp,AST_sp1,15,16,1,1,1
205,E,4/29/24,11,12:22,Lasioglossum_sp,AST_sp1,16,17,1,1,1
205,E,4/29/24,11,12:22,Lasioglossum_sp,AST_sp1,17,18,1,1,1
206,F,4/29/24,11,12:38,Megachile_sicula,CLIB,1,1,116,1,
206,F,4/29/24,11,12:38,Megachile_sicula,CLIB,2,2,71,2,44
206,F,4/29/24,11,12:38,Megachile_sicula,CLIB,3,3,14,1,17
207,A,5/6/24,12,11:07,Xylocopa_cantabrita,HHAL,1,1,5,2,
207,A,5/6/24,12,11:07,Xylocopa_cantabrita,HHAL,2,2,8,2,21
207,A,5/6/24,12,11:07,Xylocopa_cantabrita,CLIB,1,3,15,1,46
207,A,5/6/24,12,11:07,Xylocopa_cantabrita,CLIB,2,4,5,4,6
207,A,5/6/24,12,11:07,Xylocopa_cantabrita,CLIB,1,5,15,1,6
207,A,5/6/24,12,11:07,Xylocopa_cantabrita,CLIB,3,6,54,19,11
208,E,5/6/24,12,11:39,Xylocopa_cantabrita,HHAL,1,1,142,2,
209,E,5/6/24,12,11:42,Xylocopa_cantabrita,CLIB,1,1,2,1,
210,E,5/6/24,12,11:48,Xylocopa_cantabrita,EVUL,1,1,336,3,
211,A,3/26/25,13,10:54,Apis_mellifera,HCOM,1,1,188,48,
211,A,3/26/25,13,10:54,Apis_mellifera,TGUT,1,2,1,1,
211,A,3/26/25,13,10:54,Apis_mellifera,HCOM,1,3,188,23,
211,A,3/26/25,13,10:54,Apis_mellifera,HCOM,2,4,41,4,
211,A,3/26/25,13,10:54,Apis_mellifera,HCOM,3,5,51,46,
211,A,3/26/25,13,10:54,Apis_mellifera,HCOM,4,6,117,31,
212,A,3/26/25,13,10:58,Apis_mellifera,HCOM,1,1,36,12,
212,A,3/26/25,13,10:58,Apis_mellifera,HCOM,2,2,57,3,
213,A,3/26/25,13,11:02,Anthophora_sp,LPED,1,1,3,3,
213,A,3/26/25,13,11:02,Anthophora_sp,LPED,2,2,17,2,
214,A,3/26/25,13,11:04,Anthophora_sp,LPED,1,1,3,5,
214,A,3/26/25,13,11:04,Anthophora_sp,LPED,2,2,7,3,
215,A,3/26/25,13,11:06,Eucera_sp,LPED,1,1,33,2,
215,A,3/26/25,13,11:06,Eucera_sp,LPED,2,2,49,3,
216,B,3/26/25,13,11:36,Xylocopa_cantabrita,LPED,1,1,5,1,
216,B,3/26/25,13,11:36,Xylocopa_cantabrita,LPED,2,2,12,1,
216,B,3/26/25,13,11:36,Xylocopa_cantabrita,LPED,3,3,12,1,
217,B,3/26/25,13,11:38,Xylocopa_cantabrita,LPED,1,1,6,1,
217,B,3/26/25,13,11:38,Xylocopa_cantabrita,LPED,2,2,4,3,
217,B,3/26/25,13,11:38,Xylocopa_cantabrita,LPED,3,3,14,2,
217,B,3/26/25,13,11:38,Xylocopa_cantabrita,LPED,4,4,4,1,
217,B,3/26/25,13,11:38,Xylocopa_cantabrita,LPED,5,5,9,4,
217,B,3/26/25,13,11:38,Xylocopa_cantabrita,LPED,6,6,13,2,
217,B,3/26/25,13,11:38,Xylocopa_cantabrita,LPED,7,7,66,1,
218,B,3/26/25,13,11:52,Xylocopa_cantabrita,LPED,1,1,6,3,
218,B,3/26/25,13,11:52,Xylocopa_cantabrita,LPED,2,2,1,1,
218,B,3/26/25,13,11:52,Xylocopa_cantabrita,LPED,3,3,10,1,
218,B,3/26/25,13,11:52,Xylocopa_cantabrita,LPED,4,4,25,4,
219,E,3/26/25,13,12:27,Lasioglossum_sp,HCOM,1,1,13,2,
219,E,3/26/25,13,12:27,Lasioglossum_sp,HCOM,2,2,6,3,
219,E,3/26/25,13,12:27,Lasioglossum_sp,HCOM,3,3,33,1,
219,E,3/26/25,13,12:27,Lasioglossum_sp,HCOM,4,4,53,2,
220,E,3/26/25,13,12:30,Eucera_sp,LPED,1,1,37,1,
220,E,3/26/25,13,12:30,Eucera_sp,LPED,2,2,9,6,
220,E,3/26/25,13,12:30,Eucera_sp,LPED,3,3,1,1,
220,E,3/26/25,13,12:30,Eucera_sp,LPED,4,4,9,2,
220,E,3/26/25,13,12:30,Eucera_sp,LPED,5,5,11,1,
221,F,3/26/25,13,12:52,Xylocopa_cantabrita,ROFF,1,1,3150,4,
221,F,3/26/25,13,12:52,Xylocopa_cantabrita,ROFF,2,2,290,2,
221,F,3/26/25,13,12:52,Xylocopa_cantabrita,ROFF,3,3,260,1,
222,F,3/26/25,13,12:53,Xylocopa_cantabrita,ROFF,1,1,204,9,
222,F,3/26/25,13,12:53,Xylocopa_cantabrita,ROFF,2,2,3150,3,
222,F,3/26/25,13,12:53,Xylocopa_cantabrita,ROFF,3,3,488,2,
222,F,3/26/25,13,12:53,Xylocopa_cantabrita,ROFF,1,4,204,1,
222,F,3/26/25,13,12:53,Xylocopa_cantabrita,ROFF,4,5,610,10,
223,F,3/26/25,13,13:05,Xylocopa_cantabrita,ROFF,1,1,160,4,
223,F,3/26/25,13,13:05,Xylocopa_cantabrita,ROFF,2,2,50,2,
223,F,3/26/25,13,13:05,Xylocopa_cantabrita,ROFF,3,3,60,3,
223,F,3/26/25,13,13:05,Xylocopa_cantabrita,HCOM,1,4,57,1,
223,F,3/26/25,13,13:05,Xylocopa_cantabrita,ROFF,3,5,60,1,
223,F,3/26/25,13,13:05,Xylocopa_cantabrita,ROFF,4,6,80,1,
224,A,3/31/25,13,12:04,Eucera_sp,LPED,1,1,19,2,
224,A,3/31/25,13,12:04,Eucera_sp,LVIS,1,2,7,4,
224,A,3/31/25,13,12:04,Eucera_sp,LPED,2,3,46,5,
224,A,3/31/25,13,12:04,Eucera_sp,LPED,3,4,17,1,
224,A,3/31/25,13,12:04,Eucera_sp,LPED,4,5,57,2,
224,A,3/31/25,13,12:04,Eucera_sp,LPED,5,6,51,1,
224,A,3/31/25,13,12:04,Eucera_sp,LPED,6,7,4,1,
224,A,3/31/25,13,12:04,Eucera_sp,LPED,7,8,9,1,
224,A,3/31/25,13,12:04,Eucera_sp,LPED,8,9,41,15,
224,A,3/31/25,13,12:04,Eucera_sp,LPED,9,10,13,4,
224,A,3/31/25,13,12:04,Eucera_sp,LPED,10,11,5,2,
225,E,3/31/25,13,12:45,Eucera_sp,LPED,1,1,12,2,
225,E,3/31/25,13,12:45,Eucera_sp,LPED,2,2,3,1,
225,E,3/31/25,13,12:45,Eucera_sp,LPED,3,3,17,1,
225,E,3/31/25,13,12:45,Eucera_sp,LPED,4,4,14,4,
226,A,4/8/25,13,10:59,Apis_mellifera,HCOM,1,1,10,1,
226,A,4/8/25,13,10:59,Apis_mellifera,TGUT,1,2,1,1,
226,A,4/8/25,13,10:59,Apis_mellifera,TGUT,2,3,1,1,
226,A,4/8/25,13,10:59,Apis_mellifera,TGUT,3,4,1,1,
226,A,4/8/25,13,10:59,Apis_mellifera,TGUT,4,5,1,1,
226,A,4/8/25,13,10:59,Apis_mellifera,TGUT,5,6,1,1,
226,A,4/8/25,13,10:59,Apis_mellifera,TGUT,6,7,1,1,
226,A,4/8/25,13,10:59,Apis_mellifera,TGUT,7,8,1,1,
226,A,4/8/25,13,10:59,Apis_mellifera,TGUT,8,9,1,1,
226,A,4/8/25,13,10:59,Apis_mellifera,TGUT,9,10,1,1,
226,A,4/8/25,13,10:59,Apis_mellifera,TGUT,10,11,1,1,
226,A,4/8/25,13,10:59,Apis_mellifera,TGUT,11,12,1,1,
226,A,4/8/25,13,10:59,Apis_mellifera,TGUT,12,13,1,1,
226,A,4/8/25,13,10:59,Apis_mellifera,TGUT,13,14,1,1,
226,A,4/8/25,13,10:59,Apis_mellifera,TGUT,14,15,1,1,
226,A,4/8/25,13,10:59,Apis_mellifera,TGUT,15,16,1,1,
226,A,4/8/25,13,10:59,Apis_mellifera,TGUT,16,17,1,1,
226,A,4/8/25,13,10:59,Apis_mellifera,TGUT,17,18,1,1,
226,A,4/8/25,13,10:59,Apis_mellifera,TGUT,18,19,1,1,
226,A,4/8/25,13,10:59,Apis_mellifera,TGUT,19,20,1,1,
226,A,4/8/25,13,10:59,Apis_mellifera,TGUT,20,21,1,1,
226,A,4/8/25,13,10:59,Apis_mellifera,TGUT,21,22,1,1,
226,A,4/8/25,13,10:59,Apis_mellifera,TGUT,22,23,1,1,
226,A,4/8/25,13,10:59,Apis_mellifera,TGUT,23,24,1,1,
226,A,4/8/25,13,10:59,Apis_mellifera,TGUT,24,25,1,1,
226,A,4/8/25,13,10:59,Apis_mellifera,HCOM,2,26,3,1,
227,F,4/8/25,13,11:30,Lasioglossum_sp,AST_sp1,1,1,1,1,
227,F,4/8/25,13,11:30,Lasioglossum_sp,HCOM,1,2,43,1,
227,F,4/8/25,13,11:30,Lasioglossum_sp,AST_sp1,2,3,1,1,
227,F,4/8/25,13,11:30,Lasioglossum_sp,TGUT,1,4,1,1,
227,F,4/8/25,13,11:30,Lasioglossum_sp,HCOM,2,5,39,1,
227,F,4/8/25,13,11:30,Lasioglossum_sp,AST_sp1,3,6,1,1,
228,E,4/8/25,13,11:43,Eucera_sp,LPED,1,1,15,2,
228,E,4/8/25,13,11:43,Eucera_sp,LPED,2,2,51,3,
228,E,4/8/25,13,11:43,Eucera_sp,LPED,3,3,45,1,
229,A,4/9/25,13,10:56,Lasioglossum_sp,TGUT,1,1,2,1,
229,A,4/9/25,13,10:56,Lasioglossum_sp,TGUT,2,2,1,1,
229,A,4/9/25,13,10:56,Lasioglossum_sp,TGUT,3,3,1,1,
229,A,4/9/25,13,10:56,Lasioglossum_sp,TGUT,4,4,1,1,
229,A,4/9/25,13,10:56,Lasioglossum_sp,TGUT,5,5,1,1,
229,A,4/9/25,13,10:56,Lasioglossum_sp,TGUT,6,6,1,1,
229,A,4/9/25,13,10:56,Lasioglossum_sp,TGUT,7,7,1,1,
229,A,4/9/25,13,10:56,Lasioglossum_sp,TGUT,8,8,1,1,
229,A,4/9/25,13,10:56,Lasioglossum_sp,TGUT,9,9,2,1,
229,A,4/9/25,13,10:56,Lasioglossum_sp,HCOM,1,10,15,3,
230,E,4/9/25,13,11:19,Xylocopa_cantabrita,ROFF,1,1,101,3,
230,E,4/9/25,13,11:19,Xylocopa_cantabrita,LPED,1,2,18,3,
230,E,4/9/25,13,11:19,Xylocopa_cantabrita,LPED,2,3,30,5,
230,E,4/9/25,13,11:19,Xylocopa_cantabrita,LPED,3,4,38,2,
230,E,4/9/25,13,11:19,Xylocopa_cantabrita,LPED,4,5,15,1,
231,E,4/9/25,13,11:42,Lasioglossum_sp,AST_sp1,1,1,1,1,
231,E,4/9/25,13,11:42,Lasioglossum_sp,AST_sp1,2,2,1,1,
231,E,4/9/25,13,11:42,Lasioglossum_sp,AST_sp1,3,3,1,1,
231,E,4/9/25,13,11:42,Lasioglossum_sp,TGUT,1,4,1,1,
231,E,4/9/25,13,11:42,Lasioglossum_sp,AST_sp1,4,5,1,1,
231,E,4/9/25,13,11:42,Lasioglossum_sp,AST_sp1,5,6,1,1,
231,E,4/9/25,13,11:42,Lasioglossum_sp,AST_sp1,6,7,1,1,
231,E,4/9/25,13,11:42,Lasioglossum_sp,AST_sp1,7,8,1,1,
231,E,4/9/25,13,11:42,Lasioglossum_sp,AST_sp1,8,9,1,1,
231,E,4/9/25,13,11:42,Lasioglossum_sp,AST_sp1,9,10,1,1,
231,E,4/9/25,13,11:42,Lasioglossum_sp,HCOM,1,11,5,1,
231,E,4/9/25,13,11:42,Lasioglossum_sp,AST_sp1,10,12,1,1,
231,E,4/9/25,13,11:42,Lasioglossum_sp,AST_sp1,11,13,1,1,
231,E,4/9/25,13,11:42,Lasioglossum_sp,AST_sp1,12,14,1,1,
231,E,4/9/25,13,11:42,Lasioglossum_sp,AST_sp1,13,15,1,1,
231,E,4/9/25,13,11:42,Lasioglossum_sp,AST_sp1,14,16,1,1,
231,E,4/9/25,13,11:42,Lasioglossum_sp,AST_sp1,15,17,1,1,
231,E,4/9/25,13,11:42,Lasioglossum_sp,AST_sp1,16,18,1,1,
231,E,4/9/25,13,11:42,Lasioglossum_sp,AST_sp1,17,19,1,1,
231,E,4/9/25,13,11:42,Lasioglossum_sp,AST_sp1,18,20,1,1,
231,E,4/9/25,13,11:42,Lasioglossum_sp,AST_sp1,19,21,1,1,
231,E,4/9/25,13,11:42,Lasioglossum_sp,AST_sp1,20,22,1,1,
231,E,4/9/25,13,11:42,Lasioglossum_sp,AST_sp1,21,23,1,1,
231,E,4/9/25,13,11:42,Lasioglossum_sp,AST_sp1,22,24,1,1,
231,E,4/9/25,13,11:42,Lasioglossum_sp,AST_sp1,23,25,1,1,
231,E,4/9/25,13,11:42,Lasioglossum_sp,AST_sp1,24,26,1,1,
231,E,4/9/25,13,11:42,Lasioglossum_sp,AST_sp1,25,27,1,1,
231,E,4/9/25,13,11:42,Lasioglossum_sp,AST_sp1,26,28,1,1,
231,E,4/9/25,13,11:42,Lasioglossum_sp,AST_sp1,27,29,1,1,
231,E,4/9/25,13,11:42,Lasioglossum_sp,AST_sp1,28,30,1,1,
231,E,4/9/25,13,11:42,Lasioglossum_sp,AST_sp1,29,31,1,1,
231,E,4/9/25,13,11:42,Lasioglossum_sp,AST_sp1,30,32,1,1,
231,E,4/9/25,13,11:42,Lasioglossum_sp,AST_sp1,31,33,1,1,
231,E,4/9/25,13,11:42,Lasioglossum_sp,AST_sp1,32,34,1,1,
231,E,4/9/25,13,11:42,Lasioglossum_sp,AST_sp1,33,35,1,1,
231,E,4/9/25,13,11:42,Lasioglossum_sp,AST_sp1,34,36,1,1,
231,E,4/9/25,13,11:42,Lasioglossum_sp,AST_sp1,35,37,1,1,
231,E,4/9/25,13,11:42,Lasioglossum_sp,AST_sp1,36,38,1,1,
231,E,4/9/25,13,11:42,Lasioglossum_sp,AST_sp1,37,39,1,1,
231,E,4/9/25,13,11:42,Lasioglossum_sp,AST_sp1,38,40,1,1,
231,E,4/9/25,13,11:42,Lasioglossum_sp,AST_sp1,39,41,1,1,
231,E,4/9/25,13,11:42,Lasioglossum_sp,AST_sp1,40,42,1,1,
231,E,4/9/25,13,11:42,Lasioglossum_sp,AST_sp1,41,43,1,1,
231,E,4/9/25,13,11:42,Lasioglossum_sp,AST_sp1,42,44,1,1,
231,E,4/9/25,13,11:42,Lasioglossum_sp,AST_sp1,43,45,1,1,
231,E,4/9/25,13,11:42,Lasioglossum_sp,AST_sp1,44,46,1,1,
231,E,4/9/25,13,11:42,Lasioglossum_sp,AST_sp1,45,47,1,1,
231,E,4/9/25,13,11:42,Lasioglossum_sp,TGUT,2,48,1,1,
231,E,4/9/25,13,11:42,Lasioglossum_sp,AST_sp1,46,49,1,1,
231,E,4/9/25,13,11:42,Lasioglossum_sp,AST_sp1,47,50,1,1,
232,E,4/9/25,13,11:58,Andrena_sp,AST_sp1,1,1,1,1,
232,E,4/9/25,13,11:58,Andrena_sp,AST_sp1,2,2,1,1,
232,E,4/9/25,13,11:58,Andrena_sp,TGUT,1,3,1,1,
232,E,4/9/25,13,11:58,Andrena_sp,TGUT,2,4,1,1,
232,E,4/9/25,13,11:58,Andrena_sp,TGUT,3,5,1,1,
232,E,4/9/25,13,11:58,Andrena_sp,TGUT,4,6,1,1,
232,E,4/9/25,13,11:58,Andrena_sp,TGUT,5,7,1,1,
232,E,4/9/25,13,11:58,Andrena_sp,TGUT,6,8,1,1,
232,E,4/9/25,13,11:58,Andrena_sp,TGUT,7,9,1,1,
232,E,4/9/25,13,11:58,Andrena_sp,AST_sp1,3,10,1,1,
232,E,4/9/25,13,11:58,Andrena_sp,TGUT,8,11,1,1,
232,E,4/9/25,13,11:58,Andrena_sp,TGUT,9,12,1,1,
233,F,4/9/25,13,12:15,Xylocopa_cantabrita,ROFF,1,1,620,17,
233,F,4/9/25,13,12:15,Xylocopa_cantabrita,SNIC,1,2,2,1,
233,F,4/9/25,13,12:15,Xylocopa_cantabrita,ROFF,1,3,620,11,
233,F,4/9/25,13,12:15,Xylocopa_cantabrita,SNIC,2,4,2,1,
234,F,4/9/25,13,12:25,Xylocopa_cantabrita,SNIC,1,1,2,1,
234,F,4/9/25,13,12:25,Xylocopa_cantabrita,SNIC,2,2,2,1,
234,F,4/9/25,13,12:25,Xylocopa_cantabrita,ROFF,1,3,620,16,
234,F,4/9/25,13,12:25,Xylocopa_cantabrita,ROFF,2,4,18,3,
234,F,4/9/25,13,12:25,Xylocopa_cantabrita,LPED,1,5,69,4,
235,A,4/14/25,13,12:26,Xylocopa_cantabrita,LPED,1,1,65,2,
235,A,4/14/25,13,12:26,Xylocopa_cantabrita,LPED,2,2,32,5,
236,A,4/14/25,13,12:27,Andrena_sp,AST_sp1,1,1,1,1,
236,A,4/14/25,13,12:27,Andrena_sp,AST_sp3,1,2,1,1,
236,A,4/14/25,13,12:27,Andrena_sp,AST_sp3,2,3,1,1,
236,A,4/14/25,13,12:27,Andrena_sp,AST_sp3,3,4,1,1,
236,A,4/14/25,13,12:27,Andrena_sp,AST_sp3,4,5,1,1,
236,A,4/14/25,13,12:27,Andrena_sp,AST_sp3,5,6,1,1,
236,A,4/14/25,13,12:27,Andrena_sp,AST_sp3,6,7,1,1,
236,A,4/14/25,13,12:27,Andrena_sp,AST_sp3,7,8,1,1,
236,A,4/14/25,13,12:27,Andrena_sp,AST_sp3,8,9,1,1,
236,A,4/14/25,13,12:27,Andrena_sp,AST_sp1,2,10,1,1,
237,B,4/14/25,13,12:47,Anthophora_sp,LVIS,1,1,2,1,
237,B,4/14/25,13,12:47,Anthophora_sp,LVIS,2,2,1,1,
237,B,4/14/25,13,12:47,Anthophora_sp,AST_sp3,1,3,1,1,
238,B,4/14/25,13,12:58,Xylocopa_cantabrita,LPED,1,1,19,2,
238,B,4/14/25,13,12:58,Xylocopa_cantabrita,LPED,2,2,6,1,
238,B,4/14/25,13,12:58,Xylocopa_cantabrita,LPED,3,3,10,1,
238,B,4/14/25,13,12:58,Xylocopa_cantabrita,AST_sp3,1,4,1,1,
238,B,4/14/25,13,12:58,Xylocopa_cantabrita,CLIB,1,5,8,2,
239,E,4/14/25,13,13:16,Lasioglossum_sp,AST_sp1,1,1,1,1,
239,E,4/14/25,13,13:16,Lasioglossum_sp,AST_sp1,2,2,1,1,
239,E,4/14/25,13,13:16,Lasioglossum_sp,AST_sp1,3,3,1,1,
239,E,4/14/25,13,13:16,Lasioglossum_sp,AST_sp1,4,4,1,1,
239,E,4/14/25,13,13:16,Lasioglossum_sp,AST_sp1,5,5,1,1,
239,E,4/14/25,13,13:16,Lasioglossum_sp,AST_sp1,6,6,1,1,
240,E,4/14/25,13,13:23,Lasioglossum_sp,AST_sp1,1,1,1,1,
240,E,4/14/25,13,13:23,Lasioglossum_sp,AST_sp1,2,2,1,1,
240,E,4/14/25,13,13:23,Lasioglossum_sp,AST_sp1,3,3,1,1,
240,E,4/14/25,13,13:23,Lasioglossum_sp,AST_sp1,4,4,1,1,
240,E,4/14/25,13,13:23,Lasioglossum_sp,AST_sp1,5,5,1,1,
240,E,4/14/25,13,13:23,Lasioglossum_sp,AST_sp1,6,6,1,1,
240,E,4/14/25,13,13:23,Lasioglossum_sp,AST_sp1,7,7,1,1,
240,E,4/14/25,13,13:23,Lasioglossum_sp,AST_sp1,8,8,1,1,
240,E,4/14/25,13,13:23,Lasioglossum_sp,AST_sp1,9,9,1,1,
240,E,4/14/25,13,13:23,Lasioglossum_sp,AST_sp1,10,10,1,1,
240,E,4/14/25,13,13:23,Lasioglossum_sp,AST_sp1,11,11,1,1,
240,E,4/14/25,13,13:23,Lasioglossum_sp,AST_sp1,12,12,1,1,
240,E,4/14/25,13,13:23,Lasioglossum_sp,AST_sp1,13,13,1,1,
240,E,4/14/25,13,13:23,Lasioglossum_sp,AST_sp1,14,14,1,1,
240,E,4/14/25,13,13:23,Lasioglossum_sp,AST_sp1,15,15,1,1,
240,E,4/14/25,13,13:23,Lasioglossum_sp,AST_sp1,16,16,1,1,
240,E,4/14/25,13,13:23,Lasioglossum_sp,AST_sp1,17,17,1,1,
240,E,4/14/25,13,13:23,Lasioglossum_sp,AST_sp1,18,18,1,1,
240,E,4/14/25,13,13:23,Lasioglossum_sp,AST_sp1,19,19,1,1,
240,E,4/14/25,13,13:23,Lasioglossum_sp,AST_sp1,20,20,1,1,
240,E,4/14/25,13,13:23,Lasioglossum_sp,AST_sp1,21,21,1,1,
240,E,4/14/25,13,13:23,Lasioglossum_sp,AST_sp1,22,22,1,1,
241,E,4/14/25,13,13:24,Lasioglossum_sp,AST_sp1,1,1,1,1,
241,E,4/14/25,13,13:24,Lasioglossum_sp,AST_sp1,2,2,1,1,
241,E,4/14/25,13,13:24,Lasioglossum_sp,AST_sp1,3,3,1,1,
241,E,4/14/25,13,13:24,Lasioglossum_sp,AST_sp1,4,4,1,1,
241,E,4/14/25,13,13:24,Lasioglossum_sp,AST_sp1,5,5,1,1,
241,E,4/14/25,13,13:24,Lasioglossum_sp,AST_sp1,6,6,1,1,
241,E,4/14/25,13,13:24,Lasioglossum_sp,AST_sp1,7,7,1,1,
241,E,4/14/25,13,13:24,Lasioglossum_sp,AST_sp1,8,8,1,1,
241,E,4/14/25,13,13:24,Lasioglossum_sp,AST_sp1,9,9,1,1,
241,E,4/14/25,13,13:24,Lasioglossum_sp,AST_sp1,10,10,1,1,
241,E,4/14/25,13,13:24,Lasioglossum_sp,AST_sp1,11,11,1,1,
241,E,4/14/25,13,13:24,Lasioglossum_sp,AST_sp1,12,12,1,1,
241,E,4/14/25,13,13:24,Lasioglossum_sp,AST_sp1,13,13,1,1,
241,E,4/14/25,13,13:24,Lasioglossum_sp,AST_sp1,14,14,1,1,
241,E,4/14/25,13,13:24,Lasioglossum_sp,AST_sp1,15,15,1,1,
241,E,4/14/25,13,13:24,Lasioglossum_sp,AST_sp1,16,16,1,1,
241,E,4/14/25,13,13:24,Lasioglossum_sp,AST_sp1,17,17,1,1,
241,E,4/14/25,13,13:24,Lasioglossum_sp,AST_sp1,18,18,1,1,
242,E,4/14/25,13,13:31,Lasioglossum_sp,AST_sp1,1,1,1,1,
242,E,4/14/25,13,13:31,Lasioglossum_sp,AST_sp1,2,2,1,1,
242,E,4/14/25,13,13:31,Lasioglossum_sp,AST_sp1,3,3,1,1,
242,E,4/14/25,13,13:31,Lasioglossum_sp,AST_sp1,4,4,1,1,
242,E,4/14/25,13,13:31,Lasioglossum_sp,AST_sp1,5,5,1,1,
242,E,4/14/25,13,13:31,Lasioglossum_sp,AST_sp1,6,6,1,1,
242,E,4/14/25,13,13:31,Lasioglossum_sp,AST_sp1,7,7,1,1,
242,E,4/14/25,13,13:31,Lasioglossum_sp,AST_sp1,8,8,1,1,
242,E,4/14/25,13,13:31,Lasioglossum_sp,AST_sp1,9,9,1,1,
242,E,4/14/25,13,13:31,Lasioglossum_sp,AST_sp1,10,10,1,1,
242,E,4/14/25,13,13:31,Lasioglossum_sp,AST_sp1,11,11,1,1,
242,E,4/14/25,13,13:31,Lasioglossum_sp,AST_sp1,12,12,1,1,
242,E,4/14/25,13,13:31,Lasioglossum_sp,AST_sp1,13,13,1,1,
242,E,4/14/25,13,13:31,Lasioglossum_sp,AST_sp1,14,14,1,1,
242,E,4/14/25,13,13:31,Lasioglossum_sp,AST_sp1,15,15,1,1,
242,E,4/14/25,13,13:31,Lasioglossum_sp,AST_sp1,16,16,1,1,
242,E,4/14/25,13,13:31,Lasioglossum_sp,AST_sp1,17,17,1,1,
242,E,4/14/25,13,13:31,Lasioglossum_sp,AST_sp1,18,18,1,1,
242,E,4/14/25,13,13:31,Lasioglossum_sp,AST_sp1,19,19,1,1,
242,E,4/14/25,13,13:31,Lasioglossum_sp,AST_sp1,20,20,1,1,
242,E,4/14/25,13,13:31,Lasioglossum_sp,AST_sp1,21,21,1,1,
242,E,4/14/25,13,13:31,Lasioglossum_sp,AST_sp1,22,22,1,1,
242,E,4/14/25,13,13:31,Lasioglossum_sp,AST_sp1,23,23,1,1,
242,E,4/14/25,13,13:31,Lasioglossum_sp,AST_sp1,24,24,1,1,
242,E,4/14/25,13,13:31,Lasioglossum_sp,AST_sp1,25,25,1,1,
242,E,4/14/25,13,13:31,Lasioglossum_sp,AST_sp1,26,26,1,1,
242,E,4/14/25,13,13:31,Lasioglossum_sp,AST_sp1,27,27,1,1,
242,E,4/14/25,13,13:31,Lasioglossum_sp,AST_sp1,28,28,1,1,
242,E,4/14/25,13,13:31,Lasioglossum_sp,AST_sp1,29,29,1,1,
242,E,4/14/25,13,13:31,Lasioglossum_sp,AST_sp1,30,30,1,1,
242,E,4/14/25,13,13:31,Lasioglossum_sp,AST_sp1,31,31,1,1,
242,E,4/14/25,13,13:31,Lasioglossum_sp,AST_sp1,32,32,1,1,
242,E,4/14/25,13,13:31,Lasioglossum_sp,AST_sp1,33,33,1,1,
242,E,4/14/25,13,13:31,Lasioglossum_sp,AST_sp1,34,34,1,1,
242,E,4/14/25,13,13:31,Lasioglossum_sp,AST_sp1,35,35,1,1,
242,E,4/14/25,13,13:31,Lasioglossum_sp,AST_sp1,36,36,1,1,
242,E,4/14/25,13,13:31,Lasioglossum_sp,AST_sp1,37,37,1,1,
243,F,4/14/25,13,13:40,Cyaniris_semiargus,AVEL,1,1,3,3,
243,F,4/14/25,13,13:40,Cyaniris_semiargus,AVEL,2,2,7,1,
244,A,4/23/25,14,10:53,Dasypoda_sp,CLIB,1,1,10,2,
244,A,4/23/25,14,10:53,Dasypoda_sp,HCOM,1,2,2,2,
244,A,4/23/25,14,10:53,Dasypoda_sp,HCOM,2,3,6,1,
244,A,4/23/25,14,10:53,Dasypoda_sp,CLIB,2,4,13,2,
244,A,4/23/25,14,10:53,Dasypoda_sp,CLIB,3,5,5,1,
245,A,4/23/25,14,10:59,Andrena_sp,AST_sp2,1,1,1,1,
245,A,4/23/25,14,10:59,Andrena_sp,AST_sp2,2,2,1,1,
245,A,4/23/25,14,10:59,Andrena_sp,AST_sp2,3,3,1,1,
245,A,4/23/25,14,10:59,Andrena_sp,AST_sp2,4,4,1,1,
245,A,4/23/25,14,10:59,Andrena_sp,AST_sp2,5,5,1,1,
245,A,4/23/25,14,10:59,Andrena_sp,AST_sp2,6,6,1,1,
245,A,4/23/25,14,10:59,Andrena_sp,AST_sp2,7,7,1,1,
245,A,4/23/25,14,10:59,Andrena_sp,AST_sp2,8,8,1,1,
245,A,4/23/25,14,10:59,Andrena_sp,AST_sp2,9,9,1,1,
245,A,4/23/25,14,10:59,Andrena_sp,AST_sp2,10,10,1,1,
245,A,4/23/25,14,10:59,Andrena_sp,AST_sp2,11,11,1,1,
245,A,4/23/25,14,10:59,Andrena_sp,AST_sp2,12,12,1,1,
245,A,4/23/25,14,10:59,Andrena_sp,AST_sp2,13,13,1,1,
245,A,4/23/25,14,10:59,Andrena_sp,AST_sp2,14,14,1,1,
245,A,4/23/25,14,10:59,Andrena_sp,AST_sp2,15,15,1,1,
245,A,4/23/25,14,10:59,Andrena_sp,AST_sp2,16,16,1,1,
245,A,4/23/25,14,10:59,Andrena_sp,AST_sp2,17,17,1,1,
245,A,4/23/25,14,10:59,Andrena_sp,AST_sp2,18,18,1,1,
245,A,4/23/25,14,10:59,Andrena_sp,AST_sp2,19,19,1,1,
245,A,4/23/25,14,10:59,Andrena_sp,AST_sp2,20,20,1,1,
245,A,4/23/25,14,10:59,Andrena_sp,AST_sp2,21,21,1,1,
246,A,4/23/25,14,11:07,Lasioglossum_sp,AST_sp2,1,1,1,1,
246,A,4/23/25,14,11:07,Lasioglossum_sp,AST_sp2,2,2,1,1,
246,A,4/23/25,14,11:07,Lasioglossum_sp,AST_sp2,3,3,1,1,
246,A,4/23/25,14,11:07,Lasioglossum_sp,AST_sp2,4,4,1,1,
246,A,4/23/25,14,11:07,Lasioglossum_sp,AST_sp2,5,5,1,1,
246,A,4/23/25,14,11:07,Lasioglossum_sp,AST_sp2,6,6,1,1,
246,A,4/23/25,14,11:07,Lasioglossum_sp,AST_sp2,7,7,1,1,
246,A,4/23/25,14,11:07,Lasioglossum_sp,AST_sp2,8,8,1,1,
246,A,4/23/25,14,11:07,Lasioglossum_sp,AST_sp2,9,9,1,1,
246,A,4/23/25,14,11:07,Lasioglossum_sp,AST_sp2,10,10,1,1,
246,A,4/23/25,14,11:07,Lasioglossum_sp,AST_sp2,11,11,1,1,
246,A,4/23/25,14,11:07,Lasioglossum_sp,AST_sp2,12,12,1,1,
246,A,4/23/25,14,11:07,Lasioglossum_sp,AST_sp2,13,13,1,1,
246,A,4/23/25,14,11:07,Lasioglossum_sp,AST_sp2,14,14,1,1,
246,A,4/23/25,14,11:07,Lasioglossum_sp,AST_sp2,15,15,1,1,
246,A,4/23/25,14,11:07,Lasioglossum_sp,AST_sp2,16,16,1,1,
246,A,4/23/25,14,11:07,Lasioglossum_sp,AST_sp2,17,17,1,1,
246,A,4/23/25,14,11:07,Lasioglossum_sp,AST_sp2,18,18,1,1,
246,A,4/23/25,14,11:07,Lasioglossum_sp,AST_sp2,19,19,1,1,
246,A,4/23/25,14,11:07,Lasioglossum_sp,AST_sp2,20,20,1,1,
246,A,4/23/25,14,11:07,Lasioglossum_sp,AST_sp2,21,21,1,1,
246,A,4/23/25,14,11:07,Lasioglossum_sp,AST_sp2,22,22,1,1,
246,A,4/23/25,14,11:07,Lasioglossum_sp,AST_sp2,23,23,1,1,
246,A,4/23/25,14,11:07,Lasioglossum_sp,AST_sp2,24,24,1,1,
246,A,4/23/25,14,11:07,Lasioglossum_sp,AST_sp2,25,25,1,1,
246,A,4/23/25,14,11:07,Lasioglossum_sp,AST_sp2,26,26,1,1,
246,A,4/23/25,14,11:07,Lasioglossum_sp,AST_sp2,27,27,1,1,
246,A,4/23/25,14,11:07,Lasioglossum_sp,AST_sp2,28,28,1,1,
246,A,4/23/25,14,11:07,Lasioglossum_sp,AST_sp2,29,29,1,1,
246,A,4/23/25,14,11:07,Lasioglossum_sp,AST_sp3,1,30,1,1,
246,A,4/23/25,14,11:07,Lasioglossum_sp,AST_sp3,2,31,1,1,
246,A,4/23/25,14,11:07,Lasioglossum_sp,AST_sp3,3,32,1,1,
246,A,4/23/25,14,11:07,Lasioglossum_sp,AST_sp3,4,33,1,1,
246,A,4/23/25,14,11:07,Lasioglossum_sp,AST_sp3,5,34,1,1,
246,A,4/23/25,14,11:07,Lasioglossum_sp,AST_sp3,6,35,1,1,
246,A,4/23/25,14,11:07,Lasioglossum_sp,AST_sp3,7,36,1,1,
246,A,4/23/25,14,11:07,Lasioglossum_sp,AST_sp2,30,37,1,1,
246,A,4/23/25,14,11:07,Lasioglossum_sp,AST_sp2,31,38,1,1,
246,A,4/23/25,14,11:07,Lasioglossum_sp,AST_sp2,32,39,1,1,
246,A,4/23/25,14,11:07,Lasioglossum_sp,AST_sp3,8,40,1,1,
246,A,4/23/25,14,11:07,Lasioglossum_sp,AST_sp3,9,41,1,1,
247,A,4/23/25,14,11:13,Anthophora_sp,AST_sp2,1,1,1,1,
247,A,4/23/25,14,11:13,Anthophora_sp,AST_sp2,2,2,1,1,
247,A,4/23/25,14,11:13,Anthophora_sp,AST_sp2,3,3,1,1,
247,A,4/23/25,14,11:13,Anthophora_sp,LPED,1,4,10,3,
247,A,4/23/25,14,11:13,Anthophora_sp,LPED,2,5,36,1,
248,F,4/23/25,14,12:16,Lasioglossum_sp,AST_sp1,1,1,1,1,
248,F,4/23/25,14,12:16,Lasioglossum_sp,AST_sp1,2,2,1,1,
248,F,4/23/25,14,12:16,Lasioglossum_sp,AST_sp1,3,3,1,1,
248,F,4/23/25,14,12:16,Lasioglossum_sp,AST_sp1,4,4,1,1,
248,F,4/23/25,14,12:16,Lasioglossum_sp,AST_sp1,5,5,1,1,
248,F,4/23/25,14,12:16,Lasioglossum_sp,AST_sp1,6,6,1,1,
248,F,4/23/25,14,12:16,Lasioglossum_sp,AST_sp1,7,7,1,1,
248,F,4/23/25,14,12:16,Lasioglossum_sp,AST_sp1,8,8,1,1,
248,F,4/23/25,14,12:16,Lasioglossum_sp,AST_sp1,9,9,1,1,
248,F,4/23/25,14,12:16,Lasioglossum_sp,AST_sp1,10,10,1,1,
248,F,4/23/25,14,12:16,Lasioglossum_sp,AST_sp1,11,11,1,1,
248,F,4/23/25,14,12:16,Lasioglossum_sp,AST_sp1,12,12,1,1,
248,F,4/23/25,14,12:16,Lasioglossum_sp,AST_sp1,13,13,1,1,
248,F,4/23/25,14,12:16,Lasioglossum_sp,AST_sp1,14,14,1,1,
248,F,4/23/25,14,12:16,Lasioglossum_sp,AST_sp1,15,15,1,1,
248,F,4/23/25,14,12:16,Lasioglossum_sp,AST_sp1,16,16,1,1,
249,F,4/23/25,14,12:22,Xylocopa_cantabrita,SNIC,1,1,2,1,
249,F,4/23/25,14,12:22,Xylocopa_cantabrita,SNIC,2,2,2,1,
249,F,4/23/25,14,12:22,Xylocopa_cantabrita,SNIC,3,3,2,1,
249,F,4/23/25,14,12:22,Xylocopa_cantabrita,SNIC,4,4,2,1,
249,F,4/23/25,14,12:22,Xylocopa_cantabrita,SNIC,5,5,2,1,
249,F,4/23/25,14,12:22,Xylocopa_cantabrita,SNIC,6,6,2,1,
249,F,4/23/25,14,12:22,Xylocopa_cantabrita,SNIC,7,7,2,1,
250,F,4/23/25,14,12:25,Xylocopa_cantabrita,SNIC,1,1,2,1,
250,F,4/23/25,14,12:25,Xylocopa_cantabrita,SNIC,2,2,2,1,
250,F,4/23/25,14,12:25,Xylocopa_cantabrita,SNIC,3,3,2,1,
250,F,4/23/25,14,12:25,Xylocopa_cantabrita,SNIC,4,4,2,1,
250,F,4/23/25,14,12:25,Xylocopa_cantabrita,SNIC,5,5,2,1,
250,F,4/23/25,14,12:25,Xylocopa_cantabrita,SNIC,6,6,2,1,
250,F,4/23/25,14,12:25,Xylocopa_cantabrita,SNIC,7,7,2,1,
250,F,4/23/25,14,12:25,Xylocopa_cantabrita,SNIC,8,8,2,1,
250,F,4/23/25,14,12:25,Xylocopa_cantabrita,SNIC,9,9,2,1,
250,F,4/23/25,14,12:25,Xylocopa_cantabrita,SNIC,10,10,2,1,
250,F,4/23/25,14,12:25,Xylocopa_cantabrita,SNIC,11,11,2,1,
250,F,4/23/25,14,12:25,Xylocopa_cantabrita,SNIC,12,12,2,1,
250,F,4/23/25,14,12:25,Xylocopa_cantabrita,SNIC,13,13,2,1,
250,F,4/23/25,14,12:25,Xylocopa_cantabrita,SNIC,14,14,2,1,
250,F,4/23/25,14,12:25,Xylocopa_cantabrita,SNIC,15,15,2,1,
250,F,4/23/25,14,12:25,Xylocopa_cantabrita,LPED,1,16,6,3,
250,F,4/23/25,14,12:25,Xylocopa_cantabrita,SNIC,16,17,2,1,
250,F,4/23/25,14,12:25,Xylocopa_cantabrita,SNIC,17,18,2,1,
251,F,4/23/25,14,12:26,Xylocopa_cantabrita,SNIC,1,1,2,1,
251,F,4/23/25,14,12:26,Xylocopa_cantabrita,SNIC,2,2,2,1,
251,F,4/23/25,14,12:26,Xylocopa_cantabrita,SNIC,3,3,2,1,
251,F,4/23/25,14,12:26,Xylocopa_cantabrita,SNIC,4,4,2,1,
251,F,4/23/25,14,12:26,Xylocopa_cantabrita,SNIC,5,5,2,1,
251,F,4/23/25,14,12:26,Xylocopa_cantabrita,SNIC,6,6,2,1,
251,F,4/23/25,14,12:26,Xylocopa_cantabrita,SNIC,7,7,2,1,
251,F,4/23/25,14,12:26,Xylocopa_cantabrita,SNIC,8,8,2,1,
251,F,4/23/25,14,12:26,Xylocopa_cantabrita,SNIC,9,9,2,1,
251,F,4/23/25,14,12:26,Xylocopa_cantabrita,SNIC,10,10,2,1,
251,F,4/23/25,14,12:26,Xylocopa_cantabrita,LPED,1,11,11,1,
251,F,4/23/25,14,12:26,Xylocopa_cantabrita,SNIC,11,12,2,1,
251,F,4/23/25,14,12:26,Xylocopa_cantabrita,SNIC,12,13,2,1,
251,F,4/23/25,14,12:26,Xylocopa_cantabrita,SNIC,13,14,2,1,
251,F,4/23/25,14,12:26,Xylocopa_cantabrita,LPED,2,15,6,1,
251,F,4/23/25,14,12:26,Xylocopa_cantabrita,SNIC,14,16,2,1,
251,F,4/23/25,14,12:26,Xylocopa_cantabrita,SNIC,15,17,2,1,
251,F,4/23/25,14,12:26,Xylocopa_cantabrita,SNIC,16,18,2,1,
251,F,4/23/25,14,12:26,Xylocopa_cantabrita,SNIC,17,19,2,1,
251,F,4/23/25,14,12:26,Xylocopa_cantabrita,SNIC,18,20,2,1,
251,F,4/23/25,14,12:26,Xylocopa_cantabrita,SNIC,19,21,2,1,
251,F,4/23/25,14,12:26,Xylocopa_cantabrita,SNIC,20,22,2,1,
251,F,4/23/25,14,12:26,Xylocopa_cantabrita,SNIC,21,23,2,1,
251,F,4/23/25,14,12:26,Xylocopa_cantabrita,SNIC,22,24,2,1,
251,F,4/23/25,14,12:26,Xylocopa_cantabrita,SNIC,23,25,2,1,
251,F,4/23/25,14,12:26,Xylocopa_cantabrita,SNIC,24,26,2,1,
251,F,4/23/25,14,12:26,Xylocopa_cantabrita,SNIC,25,27,2,1,
251,F,4/23/25,14,12:26,Xylocopa_cantabrita,SNIC,26,28,2,1,
251,F,4/23/25,14,12:26,Xylocopa_cantabrita,SNIC,27,29,2,1,
251,F,4/23/25,14,12:26,Xylocopa_cantabrita,SNIC,28,30,2,1,
251,F,4/23/25,14,12:26,Xylocopa_cantabrita,SNIC,29,31,2,1,
251,F,4/23/25,14,12:26,Xylocopa_cantabrita,SNIC,30,32,2,1,
251,F,4/23/25,14,12:26,Xylocopa_cantabrita,SNIC,31,33,2,1,
251,F,4/23/25,14,12:26,Xylocopa_cantabrita,SNIC,32,34,2,1,
251,F,4/23/25,14,12:26,Xylocopa_cantabrita,SNIC,33,35,2,1,
251,F,4/23/25,14,12:26,Xylocopa_cantabrita,SNIC,34,36,2,1,
251,F,4/23/25,14,12:26,Xylocopa_cantabrita,SNIC,35,37,2,1,
251,F,4/23/25,14,12:26,Xylocopa_cantabrita,LPED,3,38,10,1,
251,F,4/23/25,14,12:26,Xylocopa_cantabrita,CLIB,1,39,7,7,
251,F,4/23/25,14,12:26,Xylocopa_cantabrita,TGUT,1,40,1,1,
251,F,4/23/25,14,12:26,Xylocopa_cantabrita,CLIB,1,41,7,2,
251,F,4/23/25,14,12:26,Xylocopa_cantabrita,SNIC,36,42,2,1,
251,F,4/23/25,14,12:26,Xylocopa_cantabrita,SNIC,37,43,2,1,
251,F,4/23/25,14,12:26,Xylocopa_cantabrita,LPED,4,44,47,3,
251,F,4/23/25,14,12:26,Xylocopa_cantabrita,SNIC,38,45,2,1,
251,F,4/23/25,14,12:26,Xylocopa_cantabrita,SNIC,39,46,2,1,
251,F,4/23/25,14,12:26,Xylocopa_cantabrita,ROFF,1,47,8,1,
252,F,4/23/25,14,12:34,Eucera_sp,LPED,1,1,10,2,
252,F,4/23/25,14,12:34,Eucera_sp,LPED,2,2,18,1,
252,F,4/23/25,14,12:34,Eucera_sp,LPED,3,3,8,1,
253,F,4/23/25,14,12:50,Xylocopa_cantabrita,SNIC,1,1,2,1,
253,F,4/23/25,14,12:50,Xylocopa_cantabrita,SNIC,2,2,2,1,
253,F,4/23/25,14,12:50,Xylocopa_cantabrita,SNIC,3,3,2,1,
254,F,4/24/25,14,10:49,Xylocopa_cantabrita,SNIC,1,1,2,1,
254,F,4/24/25,14,10:49,Xylocopa_cantabrita,SNIC,2,2,2,1,
254,F,4/24/25,14,10:49,Xylocopa_cantabrita,SNIC,3,3,2,1,
254,F,4/24/25,14,10:49,Xylocopa_cantabrita,LPED,1,4,15,3,
254,F,4/24/25,14,10:49,Xylocopa_cantabrita,SNIC,4,5,2,1,
254,F,4/24/25,14,10:49,Xylocopa_cantabrita,SNIC,5,6,2,1,
254,F,4/24/25,14,10:49,Xylocopa_cantabrita,ROFF,1,7,47,1,
255,F,4/24/25,14,10:59,Xylocopa_cantabrita,ROFF,1,1,88,4,
255,F,4/24/25,14,10:59,Xylocopa_cantabrita,ROFF,2,2,35,2,
255,F,4/24/25,14,10:59,Xylocopa_cantabrita,LPED,1,3,21,1,
256,F,4/24/25,14,11:09,Xylocopa_cantabrita,SNIC,1,1,2,1,
256,F,4/24/25,14,11:09,Xylocopa_cantabrita,SNIC,2,2,2,1,
256,F,4/24/25,14,11:09,Xylocopa_cantabrita,SNIC,3,3,2,1,
256,F,4/24/25,14,11:09,Xylocopa_cantabrita,SNIC,4,4,2,1,
256,F,4/24/25,14,11:09,Xylocopa_cantabrita,SNIC,5,5,2,1,
256,F,4/24/25,14,11:09,Xylocopa_cantabrita,SNIC,6,6,2,1,
256,F,4/24/25,14,11:09,Xylocopa_cantabrita,SNIC,7,7,2,1,
256,F,4/24/25,14,11:09,Xylocopa_cantabrita,SNIC,8,8,2,1,
256,F,4/24/25,14,11:09,Xylocopa_cantabrita,SNIC,9,9,2,1,
256,F,4/24/25,14,11:09,Xylocopa_cantabrita,SNIC,10,10,2,1,
256,F,4/24/25,14,11:09,Xylocopa_cantabrita,SNIC,11,11,2,1,
256,F,4/24/25,14,11:09,Xylocopa_cantabrita,SNIC,12,12,2,1,
256,F,4/24/25,14,11:09,Xylocopa_cantabrita,SNIC,13,13,2,1,
256,F,4/24/25,14,11:09,Xylocopa_cantabrita,SNIC,14,14,2,1,
256,F,4/24/25,14,11:09,Xylocopa_cantabrita,SNIC,15,15,2,1,
256,F,4/24/25,14,11:09,Xylocopa_cantabrita,SNIC,16,16,2,1,
256,F,4/24/25,14,11:09,Xylocopa_cantabrita,SNIC,17,17,2,1,
256,F,4/24/25,14,11:09,Xylocopa_cantabrita,SNIC,18,18,2,1,
256,F,4/24/25,14,11:09,Xylocopa_cantabrita,SNIC,19,19,2,1,
256,F,4/24/25,14,11:09,Xylocopa_cantabrita,SNIC,20,20,2,1,
256,F,4/24/25,14,11:09,Xylocopa_cantabrita,SNIC,21,21,2,1,
256,F,4/24/25,14,11:09,Xylocopa_cantabrita,SNIC,22,22,2,1,
256,F,4/24/25,14,11:09,Xylocopa_cantabrita,SNIC,23,23,2,1,
256,F,4/24/25,14,11:09,Xylocopa_cantabrita,SNIC,24,24,2,1,
256,F,4/24/25,14,11:09,Xylocopa_cantabrita,SNIC,25,25,2,1,
256,F,4/24/25,14,11:09,Xylocopa_cantabrita,SNIC,26,26,2,1,
256,F,4/24/25,14,11:09,Xylocopa_cantabrita,SNIC,27,27,2,1,
256,F,4/24/25,14,11:09,Xylocopa_cantabrita,SNIC,28,28,2,1,
256,F,4/24/25,14,11:09,Xylocopa_cantabrita,SNIC,29,29,2,1,
256,F,4/24/25,14,11:09,Xylocopa_cantabrita,SNIC,30,30,2,1,
256,F,4/24/25,14,11:09,Xylocopa_cantabrita,SNIC,31,31,2,1,
256,F,4/24/25,14,11:09,Xylocopa_cantabrita,SNIC,32,32,2,1,
256,F,4/24/25,14,11:09,Xylocopa_cantabrita,CLIB,1,33,15,3,
256,F,4/24/25,14,11:09,Xylocopa_cantabrita,SNIC,33,34,2,1,
256,F,4/24/25,14,11:09,Xylocopa_cantabrita,SNIC,34,35,2,1,
256,F,4/24/25,14,11:09,Xylocopa_cantabrita,SNIC,35,36,2,1,
256,F,4/24/25,14,11:09,Xylocopa_cantabrita,CLIB,1,37,15,4,
256,F,4/24/25,14,11:09,Xylocopa_cantabrita,CLIB,2,38,9,2,
256,F,4/24/25,14,11:09,Xylocopa_cantabrita,LPED,1,39,18,5,
256,F,4/24/25,14,11:09,Xylocopa_cantabrita,CLIB,1,40,15,9,
256,F,4/24/25,14,11:09,Xylocopa_cantabrita,LPED,2,41,15,1,
256,F,4/24/25,14,11:09,Xylocopa_cantabrita,CLIB,3,42,5,4,
256,F,4/24/25,14,11:09,Xylocopa_cantabrita,SNIC,36,43,2,1,
257,F,4/24/25,14,11:31,Xylocopa_cantabrita,SNIC,1,1,2,1,
257,F,4/24/25,14,11:31,Xylocopa_cantabrita,SNIC,2,2,2,1,
257,F,4/24/25,14,11:31,Xylocopa_cantabrita,SNIC,3,3,2,1,
257,F,4/24/25,14,11:31,Xylocopa_cantabrita,SNIC,4,4,2,1,
257,F,4/24/25,14,11:31,Xylocopa_cantabrita,SNIC,5,5,2,1,
257,F,4/24/25,14,11:31,Xylocopa_cantabrita,SNIC,6,6,2,1,
257,F,4/24/25,14,11:31,Xylocopa_cantabrita,SNIC,7,7,2,1,
257,F,4/24/25,14,11:31,Xylocopa_cantabrita,SNIC,8,8,2,1,
257,F,4/24/25,14,11:31,Xylocopa_cantabrita,SNIC,9,9,2,1,
257,F,4/24/25,14,11:31,Xylocopa_cantabrita,SNIC,10,10,2,1,
257,F,4/24/25,14,11:31,Xylocopa_cantabrita,SNIC,11,11,2,1,
257,F,4/24/25,14,11:31,Xylocopa_cantabrita,SNIC,12,12,2,1,
257,F,4/24/25,14,11:31,Xylocopa_cantabrita,SNIC,13,13,2,1,
257,F,4/24/25,14,11:31,Xylocopa_cantabrita,SNIC,14,14,2,1,
257,F,4/24/25,14,11:31,Xylocopa_cantabrita,SNIC,15,15,2,1,
257,F,4/24/25,14,11:31,Xylocopa_cantabrita,ROFF,1,16,73,1,
257,F,4/24/25,14,11:31,Xylocopa_cantabrita,SNIC,16,17,2,1,
257,F,4/24/25,14,11:31,Xylocopa_cantabrita,SNIC,17,18,2,1,
257,F,4/24/25,14,11:31,Xylocopa_cantabrita,LPED,1,19,29,22,
257,F,4/24/25,14,11:31,Xylocopa_cantabrita,LPED,2,20,18,3,
257,F,4/24/25,14,11:31,Xylocopa_cantabrita,SNIC,18,21,2,1,
257,F,4/24/25,14,11:31,Xylocopa_cantabrita,SNIC,19,22,2,1,
257,F,4/24/25,14,11:31,Xylocopa_cantabrita,SNIC,20,23,2,1,
257,F,4/24/25,14,11:31,Xylocopa_cantabrita,SNIC,21,24,2,1,
257,F,4/24/25,14,11:31,Xylocopa_cantabrita,SNIC,22,25,2,1,
257,F,4/24/25,14,11:31,Xylocopa_cantabrita,SNIC,23,26,2,1,
257,F,4/24/25,14,11:31,Xylocopa_cantabrita,SNIC,24,27,2,1,
257,F,4/24/25,14,11:31,Xylocopa_cantabrita,SNIC,25,28,2,1,
257,F,4/24/25,14,11:31,Xylocopa_cantabrita,SNIC,26,29,2,1,
257,F,4/24/25,14,11:31,Xylocopa_cantabrita,SNIC,27,30,2,1,
257,F,4/24/25,14,11:31,Xylocopa_cantabrita,SNIC,28,31,2,1,
257,F,4/24/25,14,11:31,Xylocopa_cantabrita,SNIC,29,32,2,1,
257,F,4/24/25,14,11:31,Xylocopa_cantabrita,SNIC,30,33,2,1,
257,F,4/24/25,14,11:31,Xylocopa_cantabrita,SNIC,31,34,2,1,
257,F,4/24/25,14,11:31,Xylocopa_cantabrita,ROFF,1,35,73,1,
257,F,4/24/25,14,11:31,Xylocopa_cantabrita,SNIC,32,36,2,1,
257,F,4/24/25,14,11:31,Xylocopa_cantabrita,SNIC,33,37,2,1,
257,F,4/24/25,14,11:31,Xylocopa_cantabrita,SNIC,34,38,2,1,
257,F,4/24/25,14,11:31,Xylocopa_cantabrita,SNIC,35,39,2,1,
257,F,4/24/25,14,11:31,Xylocopa_cantabrita,SNIC,36,40,2,1,
257,F,4/24/25,14,11:31,Xylocopa_cantabrita,SNIC,37,41,2,1,
257,F,4/24/25,14,11:31,Xylocopa_cantabrita,SNIC,38,42,2,1,
257,F,4/24/25,14,11:31,Xylocopa_cantabrita,SNIC,39,43,2,1,
257,F,4/24/25,14,11:31,Xylocopa_cantabrita,SNIC,40,44,2,1,
257,F,4/24/25,14,11:31,Xylocopa_cantabrita,SNIC,41,45,2,1,
257,F,4/24/25,14,11:31,Xylocopa_cantabrita,SNIC,42,46,2,1,
257,F,4/24/25,14,11:31,Xylocopa_cantabrita,SNIC,43,47,2,1,
257,F,4/24/25,14,11:31,Xylocopa_cantabrita,SNIC,44,48,2,1,
257,F,4/24/25,14,11:31,Xylocopa_cantabrita,SNIC,45,49,2,1,
257,F,4/24/25,14,11:31,Xylocopa_cantabrita,SNIC,46,50,2,1,
257,F,4/24/25,14,11:31,Xylocopa_cantabrita,SNIC,47,51,2,1,
257,F,4/24/25,14,11:31,Xylocopa_cantabrita,ROFF,2,52,102,1,
257,F,4/24/25,14,11:31,Xylocopa_cantabrita,SNIC,48,53,2,1,
257,F,4/24/25,14,11:31,Xylocopa_cantabrita,SNIC,49,54,2,1,
257,F,4/24/25,14,11:31,Xylocopa_cantabrita,SNIC,50,55,2,1,
257,F,4/24/25,14,11:31,Xylocopa_cantabrita,SNIC,51,56,2,1,
257,F,4/24/25,14,11:31,Xylocopa_cantabrita,ROFF,1,57,73,1,
257,F,4/24/25,14,11:31,Xylocopa_cantabrita,SNIC,52,58,2,1,
257,F,4/24/25,14,11:31,Xylocopa_cantabrita,SNIC,53,59,2,1,
257,F,4/24/25,14,11:31,Xylocopa_cantabrita,ROFF,2,60,102,2,
257,F,4/24/25,14,11:31,Xylocopa_cantabrita,SNIC,54,61,2,1,
257,F,4/24/25,14,11:31,Xylocopa_cantabrita,SNIC,55,62,2,1,
257,F,4/24/25,14,11:31,Xylocopa_cantabrita,ROFF,2,63,102,5,
257,F,4/24/25,14,11:31,Xylocopa_cantabrita,SNIC,56,64,2,1,
257,F,4/24/25,14,11:31,Xylocopa_cantabrita,SNIC,57,65,2,1,
257,F,4/24/25,14,11:31,Xylocopa_cantabrita,SNIC,58,66,2,1,
257,F,4/24/25,14,11:31,Xylocopa_cantabrita,SNIC,59,67,2,1,
257,F,4/24/25,14,11:31,Xylocopa_cantabrita,ROFF,2,68,102,6,
257,F,4/24/25,14,11:31,Xylocopa_cantabrita,SNIC,60,69,2,1,
257,F,4/24/25,14,11:31,Xylocopa_cantabrita,SNIC,61,70,2,1,
257,F,4/24/25,14,11:31,Xylocopa_cantabrita,SNIC,62,71,2,1,
257,F,4/24/25,14,11:31,Xylocopa_cantabrita,ROFF,2,72,102,3,
257,F,4/24/25,14,11:31,Xylocopa_cantabrita,SNIC,63,73,2,1,
257,F,4/24/25,14,11:31,Xylocopa_cantabrita,SNIC,64,74,2,1,
257,F,4/24/25,14,11:31,Xylocopa_cantabrita,SNIC,65,75,2,1,
257,F,4/24/25,14,11:31,Xylocopa_cantabrita,SNIC,66,76,2,1,
257,F,4/24/25,14,11:31,Xylocopa_cantabrita,SNIC,67,77,2,1,
257,F,4/24/25,14,11:31,Xylocopa_cantabrita,SNIC,68,78,2,1,
257,F,4/24/25,14,11:31,Xylocopa_cantabrita,SNIC,69,79,2,1,
257,F,4/24/25,14,11:31,Xylocopa_cantabrita,SNIC,70,80,2,1,
257,F,4/24/25,14,11:31,Xylocopa_cantabrita,SNIC,71,81,2,1,
257,F,4/24/25,14,11:31,Xylocopa_cantabrita,SNIC,72,82,2,1,
257,F,4/24/25,14,11:31,Xylocopa_cantabrita,SNIC,73,83,2,1,
257,F,4/24/25,14,11:31,Xylocopa_cantabrita,SNIC,74,84,2,1,
257,F,4/24/25,14,11:31,Xylocopa_cantabrita,SNIC,75,85,2,1,
257,F,4/24/25,14,11:31,Xylocopa_cantabrita,SNIC,76,86,2,1,
257,F,4/24/25,14,11:31,Xylocopa_cantabrita,SNIC,77,87,2,1,
257,F,4/24/25,14,11:31,Xylocopa_cantabrita,SNIC,78,88,2,1,
257,F,4/24/25,14,11:31,Xylocopa_cantabrita,SNIC,79,89,2,1,
257,F,4/24/25,14,11:31,Xylocopa_cantabrita,SNIC,80,90,2,1,
257,F,4/24/25,14,11:31,Xylocopa_cantabrita,SNIC,81,91,2,1,
257,F,4/24/25,14,11:31,Xylocopa_cantabrita,SNIC,82,92,2,1,
257,F,4/24/25,14,11:31,Xylocopa_cantabrita,SNIC,83,93,2,1,
257,F,4/24/25,14,11:31,Xylocopa_cantabrita,SNIC,84,94,2,1,
257,F,4/24/25,14,11:31,Xylocopa_cantabrita,SNIC,85,95,2,1,
257,F,4/24/25,14,11:31,Xylocopa_cantabrita,SNIC,86,96,2,1,
257,F,4/24/25,14,11:31,Xylocopa_cantabrita,SNIC,87,97,2,1,
257,F,4/24/25,14,11:31,Xylocopa_cantabrita,SNIC,88,98,2,1,
257,F,4/24/25,14,11:31,Xylocopa_cantabrita,SNIC,89,99,2,1,
257,F,4/24/25,14,11:31,Xylocopa_cantabrita,SNIC,90,100,2,1,
257,F,4/24/25,14,11:31,Xylocopa_cantabrita,SNIC,91,101,2,1,
257,F,4/24/25,14,11:31,Xylocopa_cantabrita,SNIC,92,102,2,1,
257,F,4/24/25,14,11:31,Xylocopa_cantabrita,SNIC,93,103,2,1,
258,A,4/24/25,14,12:31,Eucera_sp,LPED,1,1,16,4,
258,A,4/24/25,14,12:31,Eucera_sp,LPED,2,2,33,7,
258,A,4/24/25,14,12:31,Eucera_sp,LPED,3,3,14,2,
258,A,4/24/25,14,12:31,Eucera_sp,LPED,4,4,45,2,
258,A,4/24/25,14,12:31,Eucera_sp,LPED,5,5,NA,1,
258,A,4/24/25,14,12:31,Eucera_sp,AST_sp2,1,6,1,1,
258,A,4/24/25,14,12:31,Eucera_sp,AST_sp2,2,7,1,1,
258,A,4/24/25,14,12:31,Eucera_sp,AST_sp2,3,8,1,1,
259,A,4/24/25,14,11:37,Dasypoda_sp,LPED,1,1,13,3,
259,A,4/24/25,14,11:37,Dasypoda_sp,LPED,2,2,23,2,
259,A,4/24/25,14,11:37,Dasypoda_sp,LPED,3,3,19,4,
259,A,4/24/25,14,11:37,Dasypoda_sp,LPED,4,4,10,12,
259,A,4/24/25,14,11:37,Dasypoda_sp,LPED,5,5,16,2,
259,A,4/24/25,14,11:37,Dasypoda_sp,LPED,6,6,30,25,
259,A,4/24/25,14,11:37,Dasypoda_sp,LPED,7,7,33,3,
259,A,4/24/25,14,11:37,Dasypoda_sp,LPED,8,8,16,13,
259,A,4/24/25,14,11:37,Dasypoda_sp,LPED,9,9,12,2,
259,A,4/24/25,14,11:37,Dasypoda_sp,LPED,10,10,4,3,
260,A,4/24/25,14,12:49,Vanessa_atalanta,LPED,1,1,23,1,
260,A,4/24/25,14,12:49,Vanessa_atalanta,LPED,2,2,71,1,
260,A,4/24/25,14,12:49,Vanessa_atalanta,LPED,3,3,33,1,
260,A,4/24/25,14,12:49,Vanessa_atalanta,LPED,4,4,107,1,
260,A,4/24/25,14,12:49,Vanessa_atalanta,LPED,5,5,52,1,
260,A,4/24/25,14,12:49,Vanessa_atalanta,LPED,6,6,21,1,
260,A,4/24/25,14,12:49,Vanessa_atalanta,LPED,7,7,50,1,
260,A,4/24/25,14,12:49,Vanessa_atalanta,LPED,8,8,49,1,
261,A,4/24/25,14,13:20,Megachile_sicula,AST_sp2,1,1,1,1,
261,A,4/24/25,14,13:20,Megachile_sicula,AST_sp2,2,2,1,1,
261,A,4/24/25,14,13:20,Megachile_sicula,AST_sp2,3,3,1,1,
261,A,4/24/25,14,13:20,Megachile_sicula,AST_sp2,4,4,1,1,
261,A,4/24/25,14,13:20,Megachile_sicula,LPED,1,5,7,1,
261,A,4/24/25,14,13:20,Megachile_sicula,AST_sp2,5,6,1,1,
262,A,4/24/25,14,13:26,Megachile_sicula,AST_sp2,1,1,1,1,
262,A,4/24/25,14,13:26,Megachile_sicula,AST_sp2,2,2,1,1,
262,A,4/24/25,14,13:26,Megachile_sicula,LPED,1,3,73,4,
262,A,4/24/25,14,13:26,Megachile_sicula,AST_sp2,3,4,1,1,
262,A,4/24/25,14,13:26,Megachile_sicula,AST_sp2,4,5,1,1,
262,A,4/24/25,14,13:26,Megachile_sicula,AST_sp2,5,6,1,1,
262,A,4/24/25,14,13:26,Megachile_sicula,AST_sp2,6,7,1,1,
262,A,4/24/25,14,13:26,Megachile_sicula,AST_sp2,7,8,1,1,
262,A,4/24/25,14,13:26,Megachile_sicula,AST_sp2,8,9,1,1,
262,A,4/24/25,14,13:26,Megachile_sicula,AST_sp2,9,10,1,1,
262,A,4/24/25,14,13:26,Megachile_sicula,AST_sp2,10,11,1,1,
262,A,4/24/25,14,13:26,Megachile_sicula,AST_sp2,11,12,1,1,
263,E,4/24/25,14,13:55,Xylocopa_cantabrita,LPED,1,1,62,5,
263,E,4/24/25,14,13:55,Xylocopa_cantabrita,LPED,2,2,31,4,
263,E,4/24/25,14,13:55,Xylocopa_cantabrita,LPED,1,3,62,2,
263,E,4/24/25,14,13:55,Xylocopa_cantabrita,LPED,3,4,79,8,
263,E,4/24/25,14,13:55,Xylocopa_cantabrita,LPED,1,5,62,3,
263,E,4/24/25,14,13:55,Xylocopa_cantabrita,LPED,4,6,1,1,
263,E,4/24/25,14,13:55,Xylocopa_cantabrita,LPED,5,7,2,2,
263,E,4/24/25,14,13:55,Xylocopa_cantabrita,LPED,6,8,70,4,
263,E,4/24/25,14,13:55,Xylocopa_cantabrita,SNIC,1,9,2,1,
263,E,4/24/25,14,13:55,Xylocopa_cantabrita,LPED,6,10,70,6,
263,E,4/24/25,14,13:55,Xylocopa_cantabrita,SNIC,2,11,2,1,
263,E,4/24/25,14,13:55,Xylocopa_cantabrita,LPED,7,12,4,1,
263,E,4/24/25,14,13:55,Xylocopa_cantabrita,LPED,8,13,28,4,
263,E,4/24/25,14,13:55,Xylocopa_cantabrita,LPED,9,14,10,3,
264,A,5/6/25,15,10:40,Xylocopa_cantabrita,FAB,1,1,2,1,
264,A,5/6/25,15,10:40,Xylocopa_cantabrita,CLIB,1,2,36,2,
264,A,5/6/25,15,10:40,Xylocopa_cantabrita,HHAL,1,3,11,1,
265,A,5/6/25,15,10:41,Andrena_sp,AST_sp2,1,1,2,1,
265,A,5/6/25,15,10:41,Andrena_sp,AST_sp2,2,2,2,1,
265,A,5/6/25,15,10:41,Andrena_sp,AST_sp2,3,3,2,1,
265,A,5/6/25,15,10:41,Andrena_sp,AST_sp2,4,4,2,1,
265,A,5/6/25,15,10:41,Andrena_sp,AST_sp2,5,5,2,1,
265,A,5/6/25,15,10:41,Andrena_sp,AST_sp2,6,6,2,1,
265,A,5/6/25,15,10:41,Andrena_sp,AST_sp2,7,7,2,1,
265,A,5/6/25,15,10:41,Andrena_sp,AST_sp2,8,8,2,1,
266,A,5/6/25,15,10:48,Andrena_sp,AST_sp2,1,1,2,1,
266,A,5/6/25,15,10:48,Andrena_sp,AST_sp2,2,2,2,1,
266,A,5/6/25,15,10:48,Andrena_sp,AST_sp2,3,3,2,1,
266,A,5/6/25,15,10:48,Andrena_sp,AST_sp2,4,4,2,1,
266,A,5/6/25,15,10:48,Andrena_sp,AST_sp2,5,5,2,1,
266,A,5/6/25,15,10:48,Andrena_sp,AST_sp2,6,6,2,1,
266,A,5/6/25,15,10:48,Andrena_sp,AST_sp2,7,7,2,1,
266,A,5/6/25,15,10:48,Andrena_sp,AST_sp2,8,8,2,1,
267,A,5/6/25,15,10:49,Andrena_sp,AST_sp2,1,1,2,1,
267,A,5/6/25,15,10:49,Andrena_sp,AST_sp2,2,2,2,1,
267,A,5/6/25,15,10:49,Andrena_sp,AST_sp2,3,3,2,1,
267,A,5/6/25,15,10:49,Andrena_sp,AST_sp2,4,4,2,1,
267,A,5/6/25,15,10:49,Andrena_sp,AST_sp2,5,5,2,1,
267,A,5/6/25,15,10:49,Andrena_sp,AST_sp2,6,6,2,1,
267,A,5/6/25,15,10:49,Andrena_sp,AST_sp2,7,7,2,1,
267,A,5/6/25,15,10:49,Andrena_sp,AST_sp2,8,8,2,1,
267,A,5/6/25,15,10:49,Andrena_sp,AST_sp2,9,9,2,1,
267,A,5/6/25,15,10:49,Andrena_sp,AST_sp2,10,10,2,1,
267,A,5/6/25,15,10:49,Andrena_sp,AST_sp2,11,11,2,1,
267,A,5/6/25,15,10:49,Andrena_sp,AST_sp2,12,12,2,1,
267,A,5/6/25,15,10:49,Andrena_sp,AST_sp2,13,13,2,1,
267,A,5/6/25,15,10:49,Andrena_sp,AST_sp2,14,14,2,1,
267,A,5/6/25,15,10:49,Andrena_sp,AST_sp2,15,15,2,1,
267,A,5/6/25,15,10:49,Andrena_sp,AST_sp2,16,16,2,1,
267,A,5/6/25,15,10:49,Andrena_sp,AST_sp2,17,17,2,1,
267,A,5/6/25,15,10:49,Andrena_sp,AST_sp2,18,18,2,1,
267,A,5/6/25,15,10:49,Andrena_sp,AST_sp2,19,19,2,1,
267,A,5/6/25,15,10:49,Andrena_sp,AST_sp2,20,20,2,1,
267,A,5/6/25,15,10:49,Andrena_sp,AST_sp2,21,21,2,1,
267,A,5/6/25,15,10:49,Andrena_sp,AST_sp2,22,22,2,1,
267,A,5/6/25,15,10:49,Andrena_sp,AST_sp2,23,23,2,1,
267,A,5/6/25,15,10:49,Andrena_sp,AST_sp2,24,24,2,1,
267,A,5/6/25,15,10:49,Andrena_sp,AST_sp2,25,25,2,1,
267,A,5/6/25,15,10:49,Andrena_sp,AST_sp2,26,26,2,1,
267,A,5/6/25,15,10:49,Andrena_sp,AST_sp2,27,27,2,1,
267,A,5/6/25,15,10:49,Andrena_sp,AST_sp2,28,28,2,1,
267,A,5/6/25,15,10:49,Andrena_sp,AST_sp2,29,29,2,1,
267,A,5/6/25,15,10:49,Andrena_sp,AST_sp2,30,30,2,1,
267,A,5/6/25,15,10:49,Andrena_sp,AST_sp2,31,31,2,1,
267,A,5/6/25,15,10:49,Andrena_sp,AST_sp2,32,32,2,1,
267,A,5/6/25,15,10:49,Andrena_sp,AST_sp2,33,33,2,1,
267,A,5/6/25,15,10:49,Andrena_sp,AST_sp2,34,34,2,1,
267,A,5/6/25,15,10:49,Andrena_sp,AST_sp2,35,35,2,1,
267,A,5/6/25,15,10:49,Andrena_sp,AST_sp2,36,36,2,1,
267,A,5/6/25,15,10:49,Andrena_sp,AST_sp2,37,37,2,1,
267,A,5/6/25,15,10:49,Andrena_sp,AST_sp2,38,38,2,1,
267,A,5/6/25,15,10:49,Andrena_sp,AST_sp2,39,39,2,1,
267,A,5/6/25,15,10:49,Andrena_sp,AST_sp2,40,40,2,1,
267,A,5/6/25,15,10:49,Andrena_sp,AST_sp2,41,41,2,1,
267,A,5/6/25,15,10:49,Andrena_sp,AST_sp2,42,42,2,1,
267,A,5/6/25,15,10:49,Andrena_sp,AST_sp2,43,43,2,1,
267,A,5/6/25,15,10:49,Andrena_sp,AST_sp2,44,44,2,1,
267,A,5/6/25,15,10:49,Andrena_sp,AST_sp2,45,45,2,1,
267,A,5/6/25,15,10:49,Andrena_sp,AST_sp2,46,46,2,1,
267,A,5/6/25,15,10:49,Andrena_sp,AST_sp2,47,47,2,1,
267,A,5/6/25,15,10:49,Andrena_sp,AST_sp2,48,48,2,1,
267,A,5/6/25,15,10:49,Andrena_sp,AST_sp2,49,49,2,1,
267,A,5/6/25,15,10:49,Andrena_sp,AST_sp2,50,50,2,1,
267,A,5/6/25,15,10:49,Andrena_sp,AST_sp2,51,51,2,1,
267,A,5/6/25,15,10:49,Andrena_sp,AST_sp2,52,52,2,1,
267,A,5/6/25,15,10:49,Andrena_sp,AST_sp2,53,53,2,1,
267,A,5/6/25,15,10:49,Andrena_sp,AST_sp2,54,54,2,1,
267,A,5/6/25,15,10:49,Andrena_sp,AST_sp2,55,55,2,1,
268,A,5/6/25,15,10:49,Eucera_sp,LPED,1,1,41,26,
268,A,5/6/25,15,10:49,Eucera_sp,LPED,2,2,13,4,
268,A,5/6/25,15,10:49,Eucera_sp,LPED,3,3,16,2,
269,A,5/6/25,15,11:01,Andrena_sp,AST_sp2,1,1,2,1,
269,A,5/6/25,15,11:01,Andrena_sp,AST_sp2,2,2,2,1,
269,A,5/6/25,15,11:01,Andrena_sp,AST_sp2,3,3,2,1,
269,A,5/6/25,15,11:01,Andrena_sp,AST_sp2,4,4,2,1,
269,A,5/6/25,15,11:01,Andrena_sp,AST_sp2,5,5,2,1,
269,A,5/6/25,15,11:01,Andrena_sp,AST_sp2,6,6,2,1,
269,A,5/6/25,15,11:01,Andrena_sp,AST_sp2,7,7,2,1,
269,A,5/6/25,15,11:01,Andrena_sp,AST_sp2,8,8,2,1,
269,A,5/6/25,15,11:01,Andrena_sp,AST_sp2,9,9,2,1,
269,A,5/6/25,15,11:01,Andrena_sp,AST_sp2,10,10,2,1,
269,A,5/6/25,15,11:01,Andrena_sp,AST_sp2,11,11,2,1,
269,A,5/6/25,15,11:01,Andrena_sp,AST_sp2,12,12,2,1,
269,A,5/6/25,15,11:01,Andrena_sp,AST_sp2,13,13,2,1,
269,A,5/6/25,15,11:01,Andrena_sp,AST_sp2,14,14,2,1,
269,A,5/6/25,15,11:01,Andrena_sp,AST_sp2,15,15,2,1,
269,A,5/6/25,15,11:01,Andrena_sp,AST_sp2,16,16,2,1,
269,A,5/6/25,15,11:01,Andrena_sp,AST_sp2,17,17,2,1,
269,A,5/6/25,15,11:01,Andrena_sp,AST_sp2,18,18,2,1,
269,A,5/6/25,15,11:01,Andrena_sp,AST_sp2,19,19,2,1,
269,A,5/6/25,15,11:01,Andrena_sp,AST_sp2,20,20,2,1,
269,A,5/6/25,15,11:01,Andrena_sp,AST_sp2,21,21,2,1,
269,A,5/6/25,15,11:01,Andrena_sp,AST_sp2,22,22,2,1,
269,A,5/6/25,15,11:01,Andrena_sp,AST_sp2,23,23,2,1,
269,A,5/6/25,15,11:01,Andrena_sp,AST_sp2,24,24,2,1,
269,A,5/6/25,15,11:01,Andrena_sp,AST_sp2,25,25,2,1,
269,A,5/6/25,15,11:01,Andrena_sp,AST_sp2,26,26,2,1,
269,A,5/6/25,15,11:01,Andrena_sp,AST_sp2,27,27,2,1,
269,A,5/6/25,15,11:01,Andrena_sp,AST_sp2,28,28,2,1,
269,A,5/6/25,15,11:01,Andrena_sp,AST_sp2,29,29,2,1,
269,A,5/6/25,15,11:01,Andrena_sp,AST_sp2,30,30,2,1,
269,A,5/6/25,15,11:01,Andrena_sp,AST_sp2,31,31,2,1,
269,A,5/6/25,15,11:01,Andrena_sp,AST_sp2,32,32,2,1,
269,A,5/6/25,15,11:01,Andrena_sp,AST_sp2,33,33,2,1,
269,A,5/6/25,15,11:01,Andrena_sp,AST_sp2,34,34,2,1,
270,A,5/6/25,15,11:11,Megachile_sicula,AST_sp2,1,1,2,1,
270,A,5/6/25,15,11:11,Megachile_sicula,LPED,1,2,11,2,
270,A,5/6/25,15,11:11,Megachile_sicula,AST_sp2,2,3,2,1,
270,A,5/6/25,15,11:11,Megachile_sicula,LPED,1,4,11,3,
270,A,5/6/25,15,11:11,Megachile_sicula,AST_sp2,3,5,2,1,
271,B,5/6/25,15,11:29,Dasypoda_sp,CLIB,1,1,105,11,
271,B,5/6/25,15,11:29,Dasypoda_sp,CLIB,2,2,86,13,
271,B,5/6/25,15,11:29,Dasypoda_sp,CLIB,3,3,24,4,
271,B,5/6/25,15,11:29,Dasypoda_sp,CLIB,2,4,86,1,
271,B,5/6/25,15,11:29,Dasypoda_sp,CLIB,3,5,24,3,
271,B,5/6/25,15,11:29,Dasypoda_sp,CLIB,4,6,27,9,
272,B,5/6/25,15,11:39,Andrena_sp,AST_sp2,1,1,2,1,
272,B,5/6/25,15,11:39,Andrena_sp,AST_sp2,2,2,2,1,
272,B,5/6/25,15,11:39,Andrena_sp,AST_sp2,3,3,2,1,
272,B,5/6/25,15,11:39,Andrena_sp,AST_sp2,4,4,2,1,
272,B,5/6/25,15,11:39,Andrena_sp,AST_sp2,5,5,2,1,
272,B,5/6/25,15,11:39,Andrena_sp,AST_sp2,6,6,2,1,
272,B,5/6/25,15,11:39,Andrena_sp,AST_sp2,7,7,2,1,
272,B,5/6/25,15,11:39,Andrena_sp,AST_sp2,8,8,2,1,
272,B,5/6/25,15,11:39,Andrena_sp,AST_sp2,9,9,2,1,
272,B,5/6/25,15,11:39,Andrena_sp,AST_sp2,10,10,2,1,
272,B,5/6/25,15,11:39,Andrena_sp,AST_sp2,11,11,2,1,
272,B,5/6/25,15,11:39,Andrena_sp,AST_sp2,12,12,2,1,
272,B,5/6/25,15,11:39,Andrena_sp,AST_sp2,13,13,2,1,
272,B,5/6/25,15,11:39,Andrena_sp,AST_sp2,14,14,2,1,
272,B,5/6/25,15,11:39,Andrena_sp,AST_sp2,15,15,2,1,
272,B,5/6/25,15,11:39,Andrena_sp,AST_sp2,16,16,2,1,
272,B,5/6/25,15,11:39,Andrena_sp,AST_sp2,17,17,2,1,
272,B,5/6/25,15,11:39,Andrena_sp,AST_sp2,18,18,2,1,
272,B,5/6/25,15,11:39,Andrena_sp,AST_sp2,19,19,2,1,
272,B,5/6/25,15,11:39,Andrena_sp,AST_sp2,20,20,2,1,
272,B,5/6/25,15,11:39,Andrena_sp,AST_sp2,21,21,2,1,
272,B,5/6/25,15,11:39,Andrena_sp,AST_sp2,22,22,2,1,
272,B,5/6/25,15,11:39,Andrena_sp,AST_sp2,23,23,2,1,
272,B,5/6/25,15,11:39,Andrena_sp,AST_sp2,24,24,2,1,
272,B,5/6/25,15,11:39,Andrena_sp,AST_sp2,25,25,2,1,
272,B,5/6/25,15,11:39,Andrena_sp,AST_sp2,26,26,2,1,
272,B,5/6/25,15,11:39,Andrena_sp,AST_sp2,27,27,2,1,
272,B,5/6/25,15,11:39,Andrena_sp,AST_sp2,28,28,2,1,
272,B,5/6/25,15,11:39,Andrena_sp,AST_sp2,29,29,2,1,
272,B,5/6/25,15,11:39,Andrena_sp,AST_sp2,30,30,2,1,
272,B,5/6/25,15,11:39,Andrena_sp,AST_sp2,31,31,2,1,
272,B,5/6/25,15,11:39,Andrena_sp,AST_sp2,32,32,2,1,
272,B,5/6/25,15,11:39,Andrena_sp,AST_sp2,33,33,2,1,
272,B,5/6/25,15,11:39,Andrena_sp,AST_sp2,34,34,2,1,
272,B,5/6/25,15,11:39,Andrena_sp,AST_sp3,1,35,1,1,
272,B,5/6/25,15,11:39,Andrena_sp,AST_sp2,35,36,1,1,
272,B,5/6/25,15,11:39,Andrena_sp,AST_sp3,2,37,1,1,
272,B,5/6/25,15,11:39,Andrena_sp,AST_sp2,36,38,2,1,
272,B,5/6/25,15,11:39,Andrena_sp,AST_sp2,37,39,2,1,
272,B,5/6/25,15,11:39,Andrena_sp,AST_sp2,38,40,2,1,
272,B,5/6/25,15,11:39,Andrena_sp,AST_sp2,39,41,2,1,
272,B,5/6/25,15,11:39,Andrena_sp,AST_sp2,40,42,2,1,
272,B,5/6/25,15,11:39,Andrena_sp,AST_sp2,41,43,2,1,
272,B,5/6/25,15,11:39,Andrena_sp,AST_sp2,42,44,2,1,
272,B,5/6/25,15,11:39,Andrena_sp,AST_sp2,43,45,2,1,
272,B,5/6/25,15,11:39,Andrena_sp,AST_sp2,44,46,2,1,
272,B,5/6/25,15,11:39,Andrena_sp,AST_sp2,45,47,2,1,
272,B,5/6/25,15,11:39,Andrena_sp,AST_sp2,46,48,2,1,
272,B,5/6/25,15,11:39,Andrena_sp,AST_sp2,47,49,2,1,
272,B,5/6/25,15,11:39,Andrena_sp,AST_sp2,48,50,2,1,
272,B,5/6/25,15,11:39,Andrena_sp,AST_sp2,49,51,2,1,
273,B,5/6/25,15,11:45,Xylocopa_cantabrita,LPED,1,1,8,3,
273,B,5/6/25,15,11:45,Xylocopa_cantabrita,LPED,2,2,5,1,
274,B,5/6/25,15,11:46,Megachile_sicula,CLIB,1,1,105,3,
274,B,5/6/25,15,11:46,Megachile_sicula,CLIB,2,2,24,2,
274,B,5/6/25,15,11:46,Megachile_sicula,CLIB,3,3,65,1,
275,B,5/6/25,15,11:53,Xylocopa_cantabrita,SNIC,1,1,1,1,
275,B,5/6/25,15,11:53,Xylocopa_cantabrita,SNIC,2,2,1,1,
275,B,5/6/25,15,11:53,Xylocopa_cantabrita,SNIC,3,3,1,1,
275,B,5/6/25,15,11:53,Xylocopa_cantabrita,SNIC,4,4,1,1,
275,B,5/6/25,15,11:53,Xylocopa_cantabrita,SNIC,5,5,1,1,
275,B,5/6/25,15,11:53,Xylocopa_cantabrita,SNIC,6,6,1,1,
275,B,5/6/25,15,11:53,Xylocopa_cantabrita,SNIC,7,7,1,1,
275,B,5/6/25,15,11:53,Xylocopa_cantabrita,LPED,1,8,40,1,
275,B,5/6/25,15,11:53,Xylocopa_cantabrita,SNIC,8,9,1,1,
275,B,5/6/25,15,11:53,Xylocopa_cantabrita,SNIC,9,10,1,1,
275,B,5/6/25,15,11:53,Xylocopa_cantabrita,SNIC,10,11,1,1,
275,B,5/6/25,15,11:53,Xylocopa_cantabrita,SNIC,11,12,1,1,
275,B,5/6/25,15,11:53,Xylocopa_cantabrita,SNIC,12,13,1,1,
275,B,5/6/25,15,11:53,Xylocopa_cantabrita,LPED,2,14,5,1,
275,B,5/6/25,15,11:53,Xylocopa_cantabrita,SNIC,13,15,1,1,
275,B,5/6/25,15,11:53,Xylocopa_cantabrita,SNIC,14,16,1,1,
276,B,5/6/25,15,11:58,Xylocopa_cantabrita,LPED,1,1,89,2,
276,B,5/6/25,15,11:58,Xylocopa_cantabrita,LPED,2,2,13,1,
276,B,5/6/25,15,11:58,Xylocopa_cantabrita,SNIC,1,3,2,1,
276,B,5/6/25,15,11:58,Xylocopa_cantabrita,LPED,3,4,6,1,
276,B,5/6/25,15,11:58,Xylocopa_cantabrita,SNIC,2,5,2,1,
276,B,5/6/25,15,11:58,Xylocopa_cantabrita,SNIC,3,6,2,1,
276,B,5/6/25,15,11:58,Xylocopa_cantabrita,SNIC,4,7,2,1,
277,F,5/6/25,15,12:27,Xylocopa_cantabrita,SNIC,1,1,2,1,
277,F,5/6/25,15,12:27,Xylocopa_cantabrita,LPED,1,2,9,1,
277,F,5/6/25,15,12:27,Xylocopa_cantabrita,SNIC,2,3,2,1,
277,F,5/6/25,15,12:27,Xylocopa_cantabrita,SNIC,3,4,2,1,
278,F,5/6/25,15,12:31,Lasioglossum_sp,AST_sp1,1,1,1,1,
278,F,5/6/25,15,12:31,Lasioglossum_sp,AST_sp1,2,2,1,1,
278,F,5/6/25,15,12:31,Lasioglossum_sp,AST_sp1,3,3,1,1,
278,F,5/6/25,15,12:31,Lasioglossum_sp,AST_sp1,4,4,1,1,
278,F,5/6/25,15,12:31,Lasioglossum_sp,AST_sp1,5,5,1,1,
278,F,5/6/25,15,12:31,Lasioglossum_sp,AST_sp1,6,6,1,1,
278,F,5/6/25,15,12:31,Lasioglossum_sp,AST_sp1,7,7,1,1,
278,F,5/6/25,15,12:31,Lasioglossum_sp,AST_sp1,8,8,1,1,
279,F,5/6/25,15,12:32,Andrena_sp,AST_sp1,1,1,1,1,
279,F,5/6/25,15,12:32,Andrena_sp,AST_sp1,2,2,1,1,
279,F,5/6/25,15,12:32,Andrena_sp,AST_sp1,3,3,1,1,
279,F,5/6/25,15,12:32,Andrena_sp,AST_sp1,4,4,1,1,
279,F,5/6/25,15,12:32,Andrena_sp,AST_sp1,5,5,1,1,
279,F,5/6/25,15,12:32,Andrena_sp,AST_sp1,6,6,1,1,
279,F,5/6/25,15,12:32,Andrena_sp,AST_sp1,7,7,1,1,
279,F,5/6/25,15,12:32,Andrena_sp,AST_sp1,8,8,1,1,
279,F,5/6/25,15,12:32,Andrena_sp,AST_sp1,9,9,1,1,
279,F,5/6/25,15,12:32,Andrena_sp,AST_sp1,10,10,1,1,
279,F,5/6/25,15,12:32,Andrena_sp,AST_sp1,11,11,1,1,
279,F,5/6/25,15,12:32,Andrena_sp,AST_sp1,12,12,1,1,
279,F,5/6/25,15,12:32,Andrena_sp,AST_sp1,13,13,1,1,
279,F,5/6/25,15,12:32,Andrena_sp,AST_sp1,14,14,1,1,
279,F,5/6/25,15,12:32,Andrena_sp,AST_sp1,15,15,1,1,
279,F,5/6/25,15,12:32,Andrena_sp,AST_sp1,16,16,1,1,
280,F,5/6/25,15,12:36,Xylocopa_cantabrita,SNIC,1,1,2,1,
280,F,5/6/25,15,12:36,Xylocopa_cantabrita,SNIC,2,2,2,1,
280,F,5/6/25,15,12:36,Xylocopa_cantabrita,SNIC,3,3,2,1,
280,F,5/6/25,15,12:36,Xylocopa_cantabrita,SNIC,4,4,2,1,
280,F,5/6/25,15,12:36,Xylocopa_cantabrita,SNIC,5,5,2,1,
280,F,5/6/25,15,12:36,Xylocopa_cantabrita,SNIC,6,6,2,1,
280,F,5/6/25,15,12:36,Xylocopa_cantabrita,SNIC,7,7,2,1,
280,F,5/6/25,15,12:36,Xylocopa_cantabrita,SNIC,8,8,2,1,
280,F,5/6/25,15,12:36,Xylocopa_cantabrita,SNIC,9,9,2,1,
280,F,5/6/25,15,12:36,Xylocopa_cantabrita,SNIC,10,10,2,1,
280,F,5/6/25,15,12:36,Xylocopa_cantabrita,SNIC,11,11,2,1,
280,F,5/6/25,15,12:36,Xylocopa_cantabrita,SNIC,12,12,2,1,
280,F,5/6/25,15,12:36,Xylocopa_cantabrita,LPED,1,13,4,2,
280,F,5/6/25,15,12:36,Xylocopa_cantabrita,SNIC,13,14,2,1,
280,F,5/6/25,15,12:36,Xylocopa_cantabrita,SNIC,14,15,2,1,
280,F,5/6/25,15,12:36,Xylocopa_cantabrita,SNIC,15,16,2,1,
280,F,5/6/25,15,12:36,Xylocopa_cantabrita,SNIC,16,17,2,1,
280,F,5/6/25,15,12:36,Xylocopa_cantabrita,SNIC,17,18,2,1,
280,F,5/6/25,15,12:36,Xylocopa_cantabrita,SNIC,18,19,2,1,
280,F,5/6/25,15,12:36,Xylocopa_cantabrita,SNIC,19,20,2,1,
280,F,5/6/25,15,12:36,Xylocopa_cantabrita,SNIC,20,21,2,1,
280,F,5/6/25,15,12:36,Xylocopa_cantabrita,SNIC,21,22,2,1,
280,F,5/6/25,15,12:36,Xylocopa_cantabrita,SNIC,22,23,2,1,
280,F,5/6/25,15,12:36,Xylocopa_cantabrita,SNIC,23,24,2,1,
280,F,5/6/25,15,12:36,Xylocopa_cantabrita,SNIC,24,25,2,1,
280,F,5/6/25,15,12:36,Xylocopa_cantabrita,SNIC,25,26,2,1,
280,F,5/6/25,15,12:36,Xylocopa_cantabrita,SNIC,26,27,2,1,
280,F,5/6/25,15,12:36,Xylocopa_cantabrita,SNIC,27,28,2,1,
280,F,5/6/25,15,12:36,Xylocopa_cantabrita,SNIC,28,29,2,1,
280,F,5/6/25,15,12:36,Xylocopa_cantabrita,SNIC,29,30,2,1,
280,F,5/6/25,15,12:36,Xylocopa_cantabrita,SNIC,30,31,2,1,
280,F,5/6/25,15,12:36,Xylocopa_cantabrita,SNIC,31,32,2,1,
280,F,5/6/25,15,12:36,Xylocopa_cantabrita,SNIC,32,33,2,1,
280,F,5/6/25,15,12:36,Xylocopa_cantabrita,SNIC,33,34,2,1,
280,F,5/6/25,15,12:36,Xylocopa_cantabrita,SNIC,34,35,2,1,
280,F,5/6/25,15,12:36,Xylocopa_cantabrita,SNIC,35,36,2,1,
280,F,5/6/25,15,12:36,Xylocopa_cantabrita,SNIC,36,37,2,1,
280,F,5/6/25,15,12:36,Xylocopa_cantabrita,SNIC,37,38,2,1,
280,F,5/6/25,15,12:36,Xylocopa_cantabrita,LPED,2,39,40,2,
280,F,5/6/25,15,12:36,Xylocopa_cantabrita,SNIC,38,40,2,1,
280,F,5/6/25,15,12:36,Xylocopa_cantabrita,SNIC,39,41,2,1,
280,F,5/6/25,15,12:36,Xylocopa_cantabrita,SNIC,40,42,2,1,
280,F,5/6/25,15,12:36,Xylocopa_cantabrita,SNIC,41,43,2,1,
280,F,5/6/25,15,12:36,Xylocopa_cantabrita,SNIC,42,44,2,1,
280,F,5/6/25,15,12:36,Xylocopa_cantabrita,SNIC,43,45,2,1,
280,F,5/6/25,15,12:36,Xylocopa_cantabrita,SNIC,44,46,2,1,
280,F,5/6/25,15,12:36,Xylocopa_cantabrita,SNIC,45,47,2,1,
280,F,5/6/25,15,12:36,Xylocopa_cantabrita,SNIC,46,48,2,1,
280,F,5/6/25,15,12:36,Xylocopa_cantabrita,SNIC,47,49,2,1,
280,F,5/6/25,15,12:36,Xylocopa_cantabrita,SNIC,48,50,2,1,
280,F,5/6/25,15,12:36,Xylocopa_cantabrita,SNIC,49,51,2,1,
280,F,5/6/25,15,12:36,Xylocopa_cantabrita,SNIC,50,52,2,1,
280,F,5/6/25,15,12:36,Xylocopa_cantabrita,SNIC,51,53,2,1,
280,F,5/6/25,15,12:36,Xylocopa_cantabrita,ROFF,1,54,34,2,
280,F,5/6/25,15,12:36,Xylocopa_cantabrita,ROFF,2,55,14,1,
281,F,5/6/25,15,11:47,Xylocopa_cantabrita,CLIB,1,1,8,2,
281,F,5/6/25,15,11:47,Xylocopa_cantabrita,SNIC,1,2,2,1,
281,F,5/6/25,15,11:47,Xylocopa_cantabrita,SNIC,2,3,2,1,
281,F,5/6/25,15,11:47,Xylocopa_cantabrita,SNIC,3,4,2,1,
281,F,5/6/25,15,11:47,Xylocopa_cantabrita,SNIC,4,5,2,1,
281,F,5/6/25,15,11:47,Xylocopa_cantabrita,SNIC,5,6,2,1,
281,F,5/6/25,15,11:47,Xylocopa_cantabrita,SNIC,6,7,2,1,
281,F,5/6/25,15,11:47,Xylocopa_cantabrita,SNIC,7,8,2,1,
281,F,5/6/25,15,11:47,Xylocopa_cantabrita,SNIC,8,9,2,1,
281,F,5/6/25,15,11:47,Xylocopa_cantabrita,SNIC,9,10,2,1,
281,F,5/6/25,15,11:47,Xylocopa_cantabrita,SNIC,10,11,2,1,
281,F,5/6/25,15,11:47,Xylocopa_cantabrita,SNIC,11,12,2,1,
281,F,5/6/25,15,11:47,Xylocopa_cantabrita,SNIC,12,13,2,1,
281,F,5/6/25,15,11:47,Xylocopa_cantabrita,SNIC,13,14,2,1,
281,F,5/6/25,15,11:47,Xylocopa_cantabrita,SNIC,14,15,2,1,
281,F,5/6/25,15,11:47,Xylocopa_cantabrita,SNIC,15,16,2,1,
281,F,5/6/25,15,11:47,Xylocopa_cantabrita,SNIC,16,17,2,1,
281,F,5/6/25,15,11:47,Xylocopa_cantabrita,SNIC,17,18,2,1,
281,F,5/6/25,15,11:47,Xylocopa_cantabrita,SNIC,18,19,2,1,
281,F,5/6/25,15,11:47,Xylocopa_cantabrita,SNIC,19,20,2,1,
281,F,5/6/25,15,11:47,Xylocopa_cantabrita,SNIC,20,21,2,1,
281,F,5/6/25,15,11:47,Xylocopa_cantabrita,SNIC,21,22,2,1,
281,F,5/6/25,15,11:47,Xylocopa_cantabrita,SNIC,22,23,2,1,
281,F,5/6/25,15,11:47,Xylocopa_cantabrita,SNIC,23,24,2,1,
281,F,5/6/25,15,11:47,Xylocopa_cantabrita,SNIC,24,25,2,1,
281,F,5/6/25,15,11:47,Xylocopa_cantabrita,SNIC,25,26,2,1,
281,F,5/6/25,15,11:47,Xylocopa_cantabrita,SNIC,26,27,2,1,
281,F,5/6/25,15,11:47,Xylocopa_cantabrita,SNIC,27,28,2,1,
281,F,5/6/25,15,11:47,Xylocopa_cantabrita,SNIC,28,29,2,1,
281,F,5/6/25,15,11:47,Xylocopa_cantabrita,SNIC,29,30,2,1,
281,F,5/6/25,15,11:47,Xylocopa_cantabrita,SNIC,30,31,2,1,
281,F,5/6/25,15,11:47,Xylocopa_cantabrita,SNIC,31,32,2,1,
281,F,5/6/25,15,11:47,Xylocopa_cantabrita,SNIC,32,33,2,1,
281,F,5/6/25,15,11:47,Xylocopa_cantabrita,SNIC,33,34,2,1,
281,F,5/6/25,15,11:47,Xylocopa_cantabrita,SNIC,34,35,2,1,
281,F,5/6/25,15,11:47,Xylocopa_cantabrita,SNIC,35,36,2,1,
281,F,5/6/25,15,11:47,Xylocopa_cantabrita,SNIC,36,37,2,1,
281,F,5/6/25,15,11:47,Xylocopa_cantabrita,SNIC,37,38,2,1,
281,F,5/6/25,15,11:47,Xylocopa_cantabrita,SNIC,38,39,2,1,
282,F,5/6/25,15,12:55,Xylocopa_cantabrita,SNIC,1,1,2,1,
282,F,5/6/25,15,12:55,Xylocopa_cantabrita,SNIC,2,2,2,1,
282,F,5/6/25,15,12:55,Xylocopa_cantabrita,SNIC,3,3,2,1,
282,F,5/6/25,15,12:55,Xylocopa_cantabrita,SNIC,4,4,2,1,
282,F,5/6/25,15,12:55,Xylocopa_cantabrita,LPED,1,5,7,2,
282,F,5/6/25,15,12:55,Xylocopa_cantabrita,SNIC,5,6,2,1,
282,F,5/6/25,15,12:55,Xylocopa_cantabrita,LPED,2,7,3,1,
282,F,5/6/25,15,12:55,Xylocopa_cantabrita,SNIC,6,8,2,1,
282,F,5/6/25,15,12:55,Xylocopa_cantabrita,SNIC,7,9,2,1,
282,F,5/6/25,15,12:55,Xylocopa_cantabrita,LPED,1,10,7,2,
282,F,5/6/25,15,12:55,Xylocopa_cantabrita,SNIC,8,11,2,1,
282,F,5/6/25,15,12:55,Xylocopa_cantabrita,SNIC,9,12,2,1,
282,F,5/6/25,15,12:55,Xylocopa_cantabrita,SNIC,10,13,2,1,
282,F,5/6/25,15,12:55,Xylocopa_cantabrita,SNIC,11,14,2,1,
282,F,5/6/25,15,12:55,Xylocopa_cantabrita,LPED,3,15,4,2,
282,F,5/6/25,15,12:55,Xylocopa_cantabrita,SNIC,12,16,2,1,
282,F,5/6/25,15,12:55,Xylocopa_cantabrita,SNIC,13,17,2,1,
282,F,5/6/25,15,12:55,Xylocopa_cantabrita,SNIC,14,18,2,1,
282,F,5/6/25,15,12:55,Xylocopa_cantabrita,SNIC,15,19,2,1,
282,F,5/6/25,15,12:55,Xylocopa_cantabrita,SNIC,16,20,2,1,
282,F,5/6/25,15,12:55,Xylocopa_cantabrita,SNIC,17,21,2,1,
282,F,5/6/25,15,12:55,Xylocopa_cantabrita,SNIC,18,22,2,1,
282,F,5/6/25,15,12:55,Xylocopa_cantabrita,SNIC,19,23,2,1,
282,F,5/6/25,15,12:55,Xylocopa_cantabrita,SNIC,20,24,2,1,
282,F,5/6/25,15,12:55,Xylocopa_cantabrita,SNIC,21,25,2,1,
282,F,5/6/25,15,12:55,Xylocopa_cantabrita,SNIC,22,26,2,1,
282,F,5/6/25,15,12:55,Xylocopa_cantabrita,SNIC,23,27,2,1,
282,F,5/6/25,15,12:55,Xylocopa_cantabrita,SNIC,24,28,2,1,
282,F,5/6/25,15,12:55,Xylocopa_cantabrita,SNIC,25,29,2,1,
282,F,5/6/25,15,12:55,Xylocopa_cantabrita,SNIC,26,30,2,1,
282,F,5/6/25,15,12:55,Xylocopa_cantabrita,SNIC,27,31,2,1,
282,F,5/6/25,15,12:55,Xylocopa_cantabrita,SNIC,28,32,2,1,
282,F,5/6/25,15,12:55,Xylocopa_cantabrita,SNIC,29,33,2,1,
282,F,5/6/25,15,12:55,Xylocopa_cantabrita,SNIC,30,34,2,1,
282,F,5/6/25,15,12:55,Xylocopa_cantabrita,SNIC,31,35,2,1,
282,F,5/6/25,15,12:55,Xylocopa_cantabrita,SNIC,32,36,2,1,
282,F,5/6/25,15,12:55,Xylocopa_cantabrita,SNIC,33,37,2,1,
282,F,5/6/25,15,12:55,Xylocopa_cantabrita,SNIC,34,38,2,1,
282,F,5/6/25,15,12:55,Xylocopa_cantabrita,SNIC,35,39,2,1,
282,F,5/6/25,15,12:55,Xylocopa_cantabrita,SNIC,36,40,2,1,
282,F,5/6/25,15,12:55,Xylocopa_cantabrita,SNIC,37,41,2,1,
282,F,5/6/25,15,12:55,Xylocopa_cantabrita,SNIC,38,42,2,1,
282,F,5/6/25,15,12:55,Xylocopa_cantabrita,SNIC,39,43,2,1,
282,F,5/6/25,15,12:55,Xylocopa_cantabrita,SNIC,40,44,2,1,
282,F,5/6/25,15,12:55,Xylocopa_cantabrita,SNIC,41,45,2,1,
282,F,5/6/25,15,12:55,Xylocopa_cantabrita,SNIC,42,46,2,1,
282,F,5/6/25,15,12:55,Xylocopa_cantabrita,SNIC,43,47,2,1,
282,F,5/6/25,15,12:55,Xylocopa_cantabrita,SNIC,44,48,2,1,
282,F,5/6/25,15,12:55,Xylocopa_cantabrita,SNIC,45,49,2,1,
282,F,5/6/25,15,12:55,Xylocopa_cantabrita,SNIC,46,50,2,1,
282,F,5/6/25,15,12:55,Xylocopa_cantabrita,SNIC,47,51,2,1,
282,F,5/6/25,15,12:55,Xylocopa_cantabrita,SNIC,48,52,2,1,
282,F,5/6/25,15,12:55,Xylocopa_cantabrita,SNIC,49,53,2,1,
282,F,5/6/25,15,12:55,Xylocopa_cantabrita,SNIC,50,54,2,1,
282,F,5/6/25,15,12:55,Xylocopa_cantabrita,SNIC,51,55,2,1,
282,F,5/6/25,15,12:55,Xylocopa_cantabrita,SNIC,52,56,2,1,
282,F,5/6/25,15,12:55,Xylocopa_cantabrita,SNIC,53,57,2,1,
282,F,5/6/25,15,12:55,Xylocopa_cantabrita,SNIC,54,58,2,1,
282,F,5/6/25,15,12:55,Xylocopa_cantabrita,SNIC,55,59,2,1,
282,F,5/6/25,15,12:55,Xylocopa_cantabrita,SNIC,56,60,2,1,
282,F,5/6/25,15,12:55,Xylocopa_cantabrita,SNIC,57,61,2,1,
282,F,5/6/25,15,12:55,Xylocopa_cantabrita,SNIC,58,62,2,1,
282,F,5/6/25,15,12:55,Xylocopa_cantabrita,SNIC,59,63,2,1,
282,F,5/6/25,15,12:55,Xylocopa_cantabrita,SNIC,60,64,2,1,
282,F,5/6/25,15,12:55,Xylocopa_cantabrita,SNIC,61,65,2,1,
282,F,5/6/25,15,12:55,Xylocopa_cantabrita,SNIC,62,66,2,1,
282,F,5/6/25,15,12:55,Xylocopa_cantabrita,SNIC,63,67,2,1,
282,F,5/6/25,15,12:55,Xylocopa_cantabrita,SNIC,64,68,2,1,
282,F,5/6/25,15,12:55,Xylocopa_cantabrita,SNIC,65,69,2,1,
282,F,5/6/25,15,12:55,Xylocopa_cantabrita,SNIC,66,70,2,1,
282,F,5/6/25,15,12:55,Xylocopa_cantabrita,SNIC,67,71,2,1,
282,F,5/6/25,15,12:55,Xylocopa_cantabrita,SNIC,68,72,2,1,
282,F,5/6/25,15,12:55,Xylocopa_cantabrita,SNIC,69,73,2,1,
282,F,5/6/25,15,12:55,Xylocopa_cantabrita,SNIC,70,74,2,1,
282,F,5/6/25,15,12:55,Xylocopa_cantabrita,SNIC,71,75,2,1,
282,F,5/6/25,15,12:55,Xylocopa_cantabrita,SNIC,72,76,2,1,
282,F,5/6/25,15,12:55,Xylocopa_cantabrita,CLIB,1,77,61,3,
282,F,5/6/25,15,12:55,Xylocopa_cantabrita,SNIC,73,78,2,1,
282,F,5/6/25,15,12:55,Xylocopa_cantabrita,SNIC,74,79,2,1,
282,F,5/6/25,15,12:55,Xylocopa_cantabrita,SNIC,75,80,2,1,
282,F,5/6/25,15,12:55,Xylocopa_cantabrita,SNIC,76,81,2,1,
282,F,5/6/25,15,12:55,Xylocopa_cantabrita,LPED,4,82,6,1,
282,F,5/6/25,15,12:55,Xylocopa_cantabrita,SNIC,77,83,2,1,
282,F,5/6/25,15,12:55,Xylocopa_cantabrita,SNIC,78,84,2,1,
282,F,5/6/25,15,12:55,Xylocopa_cantabrita,SNIC,79,85,2,1,
282,F,5/6/25,15,12:55,Xylocopa_cantabrita,SNIC,80,86,2,1,
282,F,5/6/25,15,12:55,Xylocopa_cantabrita,SNIC,81,87,2,1,
282,F,5/6/25,15,12:55,Xylocopa_cantabrita,SNIC,82,88,2,1,
282,F,5/6/25,15,12:55,Xylocopa_cantabrita,SNIC,83,89,2,1,
282,F,5/6/25,15,12:55,Xylocopa_cantabrita,SNIC,84,90,2,1,
283,A,5/7/25,15,11:18,Andrena_sp,AST_sp2,1,1,2,1,
283,A,5/7/25,15,11:18,Andrena_sp,AST_sp2,2,2,2,1,
283,A,5/7/25,15,11:18,Andrena_sp,AST_sp2,3,3,2,1,
283,A,5/7/25,15,11:18,Andrena_sp,AST_sp2,4,4,2,1,
283,A,5/7/25,15,11:18,Andrena_sp,AST_sp2,5,5,2,1,
283,A,5/7/25,15,11:18,Andrena_sp,AST_sp3,1,6,1,1,
283,A,5/7/25,15,11:18,Andrena_sp,AST_sp2,6,7,2,1,
283,A,5/7/25,15,11:18,Andrena_sp,AST_sp2,7,8,2,1,
283,A,5/7/25,15,11:18,Andrena_sp,AST_sp2,8,9,2,1,
283,A,5/7/25,15,11:18,Andrena_sp,AST_sp2,9,10,2,1,
283,A,5/7/25,15,11:18,Andrena_sp,AST_sp2,10,11,2,1,
283,A,5/7/25,15,11:18,Andrena_sp,AST_sp2,11,12,2,1,
283,A,5/7/25,15,11:18,Andrena_sp,AST_sp2,12,13,2,1,
283,A,5/7/25,15,11:18,Andrena_sp,AST_sp2,13,14,2,1,
283,A,5/7/25,15,11:18,Andrena_sp,AST_sp2,14,15,2,1,
283,A,5/7/25,15,11:18,Andrena_sp,AST_sp2,15,16,2,1,
283,A,5/7/25,15,11:18,Andrena_sp,AST_sp2,16,17,2,1,
283,A,5/7/25,15,11:18,Andrena_sp,AST_sp2,17,18,2,1,
283,A,5/7/25,15,11:18,Andrena_sp,AST_sp2,18,19,2,1,
283,A,5/7/25,15,11:18,Andrena_sp,AST_sp2,19,20,2,1,
283,A,5/7/25,15,11:18,Andrena_sp,AST_sp2,20,21,2,1,
283,A,5/7/25,15,11:18,Andrena_sp,AST_sp2,21,22,2,1,
283,A,5/7/25,15,11:18,Andrena_sp,AST_sp2,22,23,2,1,
283,A,5/7/25,15,11:18,Andrena_sp,AST_sp2,23,24,2,1,
283,A,5/7/25,15,11:18,Andrena_sp,AST_sp2,24,25,2,1,
283,A,5/7/25,15,11:18,Andrena_sp,AST_sp2,25,26,2,1,
283,A,5/7/25,15,11:18,Andrena_sp,AST_sp2,26,27,2,1,
283,A,5/7/25,15,11:18,Andrena_sp,AST_sp2,27,28,2,1,
283,A,5/7/25,15,11:18,Andrena_sp,AST_sp2,28,29,2,1,
283,A,5/7/25,15,11:18,Andrena_sp,AST_sp2,29,30,2,1,
283,A,5/7/25,15,11:18,Andrena_sp,AST_sp2,30,31,2,1,
283,A,5/7/25,15,11:18,Andrena_sp,AST_sp2,31,32,2,1,
283,A,5/7/25,15,11:18,Andrena_sp,AST_sp2,32,33,2,1,
283,A,5/7/25,15,11:18,Andrena_sp,AST_sp2,33,34,2,1,
283,A,5/7/25,15,11:18,Andrena_sp,AST_sp2,34,35,2,1,
283,A,5/7/25,15,11:18,Andrena_sp,AST_sp2,35,36,2,1,
283,A,5/7/25,15,11:18,Andrena_sp,AST_sp2,36,37,2,1,
283,A,5/7/25,15,11:18,Andrena_sp,AST_sp2,37,38,2,1,
283,A,5/7/25,15,11:18,Andrena_sp,AST_sp2,38,39,2,1,
283,A,5/7/25,15,11:18,Andrena_sp,AST_sp2,39,40,2,1,
283,A,5/7/25,15,11:18,Andrena_sp,AST_sp2,40,41,2,1,
284,A,5/7/25,15,11:22,Megachile_sicula,AST_sp2,1,1,2,1,
284,A,5/7/25,15,11:22,Megachile_sicula,AST_sp2,2,2,2,1,
284,A,5/7/25,15,11:22,Megachile_sicula,AST_sp2,3,3,2,1,
284,A,5/7/25,15,11:22,Megachile_sicula,AST_sp2,4,4,2,1,
284,A,5/7/25,15,11:22,Megachile_sicula,AST_sp2,5,5,2,1,
284,A,5/7/25,15,11:22,Megachile_sicula,AST_sp2,6,6,2,1,
284,A,5/7/25,15,11:22,Megachile_sicula,AST_sp2,7,7,2,1,
284,A,5/7/25,15,11:22,Megachile_sicula,AST_sp2,8,8,2,1,
284,A,5/7/25,15,11:22,Megachile_sicula,LPED,1,9,12,1,
284,A,5/7/25,15,11:22,Megachile_sicula,AST_sp2,9,10,2,1,
284,A,5/7/25,15,11:22,Megachile_sicula,AST_sp2,10,11,2,1,
284,A,5/7/25,15,11:22,Megachile_sicula,AST_sp2,11,12,2,1,
284,A,5/7/25,15,11:22,Megachile_sicula,AST_sp2,12,13,2,1,
284,A,5/7/25,15,11:22,Megachile_sicula,AST_sp2,13,14,2,1,
284,A,5/7/25,15,11:22,Megachile_sicula,AST_sp2,14,15,2,1,
284,A,5/7/25,15,11:22,Megachile_sicula,AST_sp2,15,16,2,1,
284,A,5/7/25,15,11:22,Megachile_sicula,AST_sp2,16,17,2,1,
284,A,5/7/25,15,11:22,Megachile_sicula,AST_sp2,17,18,2,1,
284,A,5/7/25,15,11:22,Megachile_sicula,AST_sp2,18,19,2,1,
284,A,5/7/25,15,11:22,Megachile_sicula,AST_sp2,19,20,2,1,
284,A,5/7/25,15,11:22,Megachile_sicula,AST_sp2,20,21,2,1,
284,A,5/7/25,15,11:22,Megachile_sicula,AST_sp2,21,22,2,1,
284,A,5/7/25,15,11:22,Megachile_sicula,AST_sp2,22,23,2,1,
284,A,5/7/25,15,11:22,Megachile_sicula,AST_sp2,23,24,2,1,
284,A,5/7/25,15,11:22,Megachile_sicula,AST_sp2,24,25,2,1,
284,A,5/7/25,15,11:22,Megachile_sicula,HHAL,1,26,7,1,
284,A,5/7/25,15,11:22,Megachile_sicula,AST_sp2,25,27,2,1,
284,A,5/7/25,15,11:22,Megachile_sicula,AST_sp2,26,28,2,1,
284,A,5/7/25,15,11:22,Megachile_sicula,AST_sp2,27,29,2,1,
284,A,5/7/25,15,11:22,Megachile_sicula,AST_sp2,28,30,2,1,
284,A,5/7/25,15,11:22,Megachile_sicula,AST_sp2,29,31,2,1,
284,A,5/7/25,15,11:22,Megachile_sicula,AST_sp2,30,32,2,1,
284,A,5/7/25,15,11:22,Megachile_sicula,AST_sp2,31,33,2,1,
284,A,5/7/25,15,11:22,Megachile_sicula,AST_sp2,32,34,2,1,
284,A,5/7/25,15,11:22,Megachile_sicula,AST_sp2,33,35,2,1,
284,A,5/7/25,15,11:22,Megachile_sicula,AST_sp2,34,36,2,1,
284,A,5/7/25,15,11:22,Megachile_sicula,AST_sp2,35,37,2,1,
284,A,5/7/25,15,11:22,Megachile_sicula,AST_sp2,36,38,2,1,
284,A,5/7/25,15,11:22,Megachile_sicula,AST_sp2,37,39,2,1,
284,A,5/7/25,15,11:22,Megachile_sicula,AST_sp2,38,40,2,1,
284,A,5/7/25,15,11:22,Megachile_sicula,AST_sp2,39,41,2,1,
284,A,5/7/25,15,11:22,Megachile_sicula,AST_sp2,40,42,2,1,
284,A,5/7/25,15,11:22,Megachile_sicula,AST_sp2,41,43,2,1,
284,A,5/7/25,15,11:22,Megachile_sicula,AST_sp2,42,44,2,1,
284,A,5/7/25,15,11:22,Megachile_sicula,AST_sp2,43,45,2,1,
284,A,5/7/25,15,11:22,Megachile_sicula,AST_sp2,44,46,2,1,
284,A,5/7/25,15,11:22,Megachile_sicula,AST_sp2,45,47,2,1,
284,A,5/7/25,15,11:22,Megachile_sicula,AST_sp2,46,48,2,1,
284,A,5/7/25,15,11:22,Megachile_sicula,AST_sp2,47,49,2,1,
284,A,5/7/25,15,11:22,Megachile_sicula,AST_sp2,48,50,2,1,
284,A,5/7/25,15,11:22,Megachile_sicula,AST_sp2,49,51,2,1,
284,A,5/7/25,15,11:22,Megachile_sicula,AST_sp2,50,52,2,1,
284,A,5/7/25,15,11:22,Megachile_sicula,AST_sp2,51,53,2,1,
284,A,5/7/25,15,11:22,Megachile_sicula,AST_sp2,52,54,2,1,
284,A,5/7/25,15,11:22,Megachile_sicula,AST_sp2,53,55,2,1,
284,A,5/7/25,15,11:22,Megachile_sicula,AST_sp2,54,56,2,1,
284,A,5/7/25,15,11:22,Megachile_sicula,AST_sp2,55,57,2,1,
284,A,5/7/25,15,11:22,Megachile_sicula,AST_sp2,56,58,2,1,
284,A,5/7/25,15,11:22,Megachile_sicula,AST_sp2,57,59,2,1,
284,A,5/7/25,15,11:22,Megachile_sicula,AST_sp2,58,60,2,1,
284,A,5/7/25,15,11:22,Megachile_sicula,AST_sp2,59,61,2,1,
284,A,5/7/25,15,11:22,Megachile_sicula,AST_sp2,60,62,2,1,
284,A,5/7/25,15,11:22,Megachile_sicula,AST_sp2,61,63,2,1,
284,A,5/7/25,15,11:22,Megachile_sicula,AST_sp2,62,64,2,1,
285,A,5/7/25,15,11:35,Andrena_sp,AST_sp2,1,1,2,1,
285,A,5/7/25,15,11:35,Andrena_sp,AST_sp2,2,2,2,1,
285,A,5/7/25,15,11:35,Andrena_sp,AST_sp2,3,3,2,1,
285,A,5/7/25,15,11:35,Andrena_sp,AST_sp2,4,4,2,1,
285,A,5/7/25,15,11:35,Andrena_sp,AST_sp2,5,5,2,1,
285,A,5/7/25,15,11:35,Andrena_sp,AST_sp2,6,6,2,1,
285,A,5/7/25,15,11:35,Andrena_sp,AST_sp2,7,7,2,1,
285,A,5/7/25,15,11:35,Andrena_sp,AST_sp2,8,8,2,1,
285,A,5/7/25,15,11:35,Andrena_sp,AST_sp2,9,9,2,1,
285,A,5/7/25,15,11:35,Andrena_sp,AST_sp2,10,10,2,1,
285,A,5/7/25,15,11:35,Andrena_sp,AST_sp2,11,11,2,1,
285,A,5/7/25,15,11:35,Andrena_sp,AST_sp2,12,12,2,1,
285,A,5/7/25,15,11:35,Andrena_sp,AST_sp2,13,13,2,1,
285,A,5/7/25,15,11:35,Andrena_sp,AST_sp2,14,14,2,1,
285,A,5/7/25,15,11:35,Andrena_sp,AST_sp2,15,15,2,1,
285,A,5/7/25,15,11:35,Andrena_sp,AST_sp2,16,16,2,1,
285,A,5/7/25,15,11:35,Andrena_sp,AST_sp2,17,17,2,1,
285,A,5/7/25,15,11:35,Andrena_sp,AST_sp2,18,18,2,1,
285,A,5/7/25,15,11:35,Andrena_sp,AST_sp2,19,19,2,1,
285,A,5/7/25,15,11:35,Andrena_sp,AST_sp2,20,20,2,1,
285,A,5/7/25,15,11:35,Andrena_sp,AST_sp2,21,21,2,1,
285,A,5/7/25,15,11:35,Andrena_sp,AST_sp2,22,22,2,1,
286,B,5/7/25,15,11:44,Xylocopa_cantabrita,FAB,1,1,2,1,
286,B,5/7/25,15,11:44,Xylocopa_cantabrita,FAB,2,2,2,1,
286,B,5/7/25,15,11:44,Xylocopa_cantabrita,LPED,1,3,6,1,
286,B,5/7/25,15,11:44,Xylocopa_cantabrita,FAB,3,4,2,1,
286,B,5/7/25,15,11:44,Xylocopa_cantabrita,SNIC,1,5,2,1,
286,B,5/7/25,15,11:44,Xylocopa_cantabrita,SNIC,2,6,2,1,
286,B,5/7/25,15,11:44,Xylocopa_cantabrita,SNIC,3,7,2,1,
286,B,5/7/25,15,11:44,Xylocopa_cantabrita,SNIC,4,8,2,1,
286,B,5/7/25,15,11:44,Xylocopa_cantabrita,SNIC,5,9,2,1,
286,B,5/7/25,15,11:44,Xylocopa_cantabrita,SNIC,6,10,2,1,
286,B,5/7/25,15,11:44,Xylocopa_cantabrita,SNIC,7,11,2,1,
286,B,5/7/25,15,11:44,Xylocopa_cantabrita,SNIC,8,12,2,1,
286,B,5/7/25,15,11:44,Xylocopa_cantabrita,SNIC,9,13,2,1,
286,B,5/7/25,15,11:44,Xylocopa_cantabrita,SNIC,10,14,2,1,
286,B,5/7/25,15,11:44,Xylocopa_cantabrita,SNIC,11,15,2,1,
286,B,5/7/25,15,11:44,Xylocopa_cantabrita,SNIC,12,16,2,1,
286,B,5/7/25,15,11:44,Xylocopa_cantabrita,SNIC,13,17,2,1,
286,B,5/7/25,15,11:44,Xylocopa_cantabrita,SNIC,14,18,2,1,
286,B,5/7/25,15,11:44,Xylocopa_cantabrita,FAB,4,19,2,1,
286,B,5/7/25,15,11:44,Xylocopa_cantabrita,FAB,5,20,2,1,
286,B,5/7/25,15,11:44,Xylocopa_cantabrita,FAB,6,21,2,1,
286,B,5/7/25,15,11:44,Xylocopa_cantabrita,SNIC,15,22,2,1,
286,B,5/7/25,15,11:44,Xylocopa_cantabrita,SNIC,16,23,2,1,
286,B,5/7/25,15,11:44,Xylocopa_cantabrita,SNIC,17,24,2,1,
286,B,5/7/25,15,11:44,Xylocopa_cantabrita,SNIC,18,25,2,1,
286,B,5/7/25,15,11:44,Xylocopa_cantabrita,SNIC,19,26,2,1,
286,B,5/7/25,15,11:44,Xylocopa_cantabrita,SNIC,20,27,2,1,
286,B,5/7/25,15,11:44,Xylocopa_cantabrita,SNIC,21,28,2,1,
286,B,5/7/25,15,11:44,Xylocopa_cantabrita,SNIC,22,29,2,1,
286,B,5/7/25,15,11:44,Xylocopa_cantabrita,SNIC,23,30,2,1,
286,B,5/7/25,15,11:44,Xylocopa_cantabrita,SNIC,24,31,2,1,
286,B,5/7/25,15,11:44,Xylocopa_cantabrita,SNIC,25,32,2,1,
286,B,5/7/25,15,11:44,Xylocopa_cantabrita,SNIC,26,33,2,1,
286,B,5/7/25,15,11:44,Xylocopa_cantabrita,SNIC,27,34,2,1,
286,B,5/7/25,15,11:44,Xylocopa_cantabrita,SNIC,28,35,2,1,
286,B,5/7/25,15,11:44,Xylocopa_cantabrita,SNIC,29,36,2,1,
286,B,5/7/25,15,11:44,Xylocopa_cantabrita,SNIC,30,37,2,1,
286,B,5/7/25,15,11:44,Xylocopa_cantabrita,SNIC,31,38,2,1,
286,B,5/7/25,15,11:44,Xylocopa_cantabrita,SNIC,32,39,2,1,
286,B,5/7/25,15,11:44,Xylocopa_cantabrita,SNIC,33,40,2,1,
286,B,5/7/25,15,11:44,Xylocopa_cantabrita,SNIC,34,41,2,1,
286,B,5/7/25,15,11:44,Xylocopa_cantabrita,SNIC,35,42,2,1,
286,B,5/7/25,15,11:44,Xylocopa_cantabrita,SNIC,36,43,2,1,
286,B,5/7/25,15,11:44,Xylocopa_cantabrita,SNIC,37,44,2,1,
286,B,5/7/25,15,11:44,Xylocopa_cantabrita,SNIC,38,45,2,1,
286,B,5/7/25,15,11:44,Xylocopa_cantabrita,SNIC,39,46,2,1,
286,B,5/7/25,15,11:44,Xylocopa_cantabrita,SNIC,40,47,2,1,
286,B,5/7/25,15,11:44,Xylocopa_cantabrita,SNIC,41,48,2,1,
286,B,5/7/25,15,11:44,Xylocopa_cantabrita,SNIC,42,49,2,1,
286,B,5/7/25,15,11:44,Xylocopa_cantabrita,SNIC,43,50,2,1,
286,B,5/7/25,15,11:44,Xylocopa_cantabrita,SNIC,44,51,2,1,
286,B,5/7/25,15,11:44,Xylocopa_cantabrita,SNIC,45,52,2,1,
286,B,5/7/25,15,11:44,Xylocopa_cantabrita,CLIB,1,53,12,5,
286,B,5/7/25,15,11:44,Xylocopa_cantabrita,ROFF,1,54,14,2,
286,B,5/7/25,15,11:44,Xylocopa_cantabrita,SNIC,46,55,2,1,
286,B,5/7/25,15,11:44,Xylocopa_cantabrita,SNIC,47,56,2,1,
286,B,5/7/25,15,11:44,Xylocopa_cantabrita,SNIC,48,57,2,1,
286,B,5/7/25,15,11:44,Xylocopa_cantabrita,SNIC,49,58,2,1,
286,B,5/7/25,15,11:44,Xylocopa_cantabrita,SNIC,50,59,2,1,
286,B,5/7/25,15,11:44,Xylocopa_cantabrita,SNIC,51,60,2,1,
286,B,5/7/25,15,11:44,Xylocopa_cantabrita,SNIC,52,61,2,1,
286,B,5/7/25,15,11:44,Xylocopa_cantabrita,SNIC,53,62,2,1,
286,B,5/7/25,15,11:44,Xylocopa_cantabrita,SNIC,54,63,2,1,
286,B,5/7/25,15,11:44,Xylocopa_cantabrita,SNIC,55,64,2,1,
286,B,5/7/25,15,11:44,Xylocopa_cantabrita,SNIC,56,65,2,1,
286,B,5/7/25,15,11:44,Xylocopa_cantabrita,SNIC,57,66,2,1,
286,B,5/7/25,15,11:44,Xylocopa_cantabrita,SNIC,58,67,2,1,
286,B,5/7/25,15,11:44,Xylocopa_cantabrita,SNIC,59,68,2,1,
286,B,5/7/25,15,11:44,Xylocopa_cantabrita,SNIC,60,69,2,1,
286,B,5/7/25,15,11:44,Xylocopa_cantabrita,SNIC,61,70,2,1,
286,B,5/7/25,15,11:44,Xylocopa_cantabrita,SNIC,62,71,2,1,
286,B,5/7/25,15,11:44,Xylocopa_cantabrita,SNIC,63,72,2,1,
286,B,5/7/25,15,11:44,Xylocopa_cantabrita,SNIC,64,73,2,1,
286,B,5/7/25,15,11:44,Xylocopa_cantabrita,SNIC,65,74,2,1,
286,B,5/7/25,15,11:44,Xylocopa_cantabrita,SNIC,66,75,2,1,
286,B,5/7/25,15,11:44,Xylocopa_cantabrita,SNIC,67,76,2,1,
286,B,5/7/25,15,11:44,Xylocopa_cantabrita,SNIC,68,77,2,1,
286,B,5/7/25,15,11:44,Xylocopa_cantabrita,SNIC,69,78,2,1,
286,B,5/7/25,15,11:44,Xylocopa_cantabrita,ROFF,1,79,14,7,
287,B,5/7/25,15,11:47,Xylocopa_cantabrita,CLIB,1,1,108,7,
287,B,5/7/25,15,11:47,Xylocopa_cantabrita,CLIB,2,2,23,3,
287,B,5/7/25,15,11:47,Xylocopa_cantabrita,SNIC,1,3,2,1,
287,B,5/7/25,15,11:47,Xylocopa_cantabrita,SNIC,2,4,2,1,
287,B,5/7/25,15,11:47,Xylocopa_cantabrita,SNIC,3,5,2,1,
287,B,5/7/25,15,11:47,Xylocopa_cantabrita,SNIC,4,6,2,1,
287,B,5/7/25,15,11:47,Xylocopa_cantabrita,SNIC,5,7,2,1,
287,B,5/7/25,15,11:47,Xylocopa_cantabrita,CLIB,3,8,26,15,
287,B,5/7/25,15,11:47,Xylocopa_cantabrita,SNIC,6,9,2,1,
287,B,5/7/25,15,11:47,Xylocopa_cantabrita,LPED,1,10,2,1,
287,B,5/7/25,15,11:47,Xylocopa_cantabrita,SNIC,7,11,2,1,
287,B,5/7/25,15,11:47,Xylocopa_cantabrita,SNIC,8,12,2,1,
287,B,5/7/25,15,11:47,Xylocopa_cantabrita,SNIC,9,13,2,1,
287,B,5/7/25,15,11:47,Xylocopa_cantabrita,SNIC,10,14,2,1,
287,B,5/7/25,15,11:47,Xylocopa_cantabrita,SNIC,11,15,2,1,
287,B,5/7/25,15,11:47,Xylocopa_cantabrita,SNIC,12,16,2,1,
287,B,5/7/25,15,11:47,Xylocopa_cantabrita,SNIC,13,17,2,1,
287,B,5/7/25,15,11:47,Xylocopa_cantabrita,CLIB,3,18,26,6,
287,B,5/7/25,15,11:47,Xylocopa_cantabrita,SNIC,14,19,2,1,
287,B,5/7/25,15,11:47,Xylocopa_cantabrita,SNIC,15,20,2,1,
287,B,5/7/25,15,11:47,Xylocopa_cantabrita,SNIC,16,21,2,1,
287,B,5/7/25,15,11:47,Xylocopa_cantabrita,SNIC,17,22,2,1,
287,B,5/7/25,15,11:47,Xylocopa_cantabrita,SNIC,18,23,2,1,
287,B,5/7/25,15,11:47,Xylocopa_cantabrita,SNIC,19,24,2,1,
287,B,5/7/25,15,11:47,Xylocopa_cantabrita,SNIC,20,25,2,1,
287,B,5/7/25,15,11:47,Xylocopa_cantabrita,SNIC,21,26,2,1,
287,B,5/7/25,15,11:47,Xylocopa_cantabrita,SNIC,22,27,2,1,
287,B,5/7/25,15,11:47,Xylocopa_cantabrita,SNIC,23,28,2,1,
287,B,5/7/25,15,11:47,Xylocopa_cantabrita,SNIC,24,29,2,1,
287,B,5/7/25,15,11:47,Xylocopa_cantabrita,CLIB,3,30,26,1,
287,B,5/7/25,15,11:47,Xylocopa_cantabrita,SNIC,25,31,2,1,
287,B,5/7/25,15,11:47,Xylocopa_cantabrita,SNIC,26,32,2,1,
287,B,5/7/25,15,11:47,Xylocopa_cantabrita,SNIC,27,33,2,1,
287,B,5/7/25,15,11:47,Xylocopa_cantabrita,SNIC,28,34,2,1,
287,B,5/7/25,15,11:47,Xylocopa_cantabrita,CLIB,3,35,26,1,
287,B,5/7/25,15,11:47,Xylocopa_cantabrita,SNIC,29,36,2,1,
287,B,5/7/25,15,11:47,Xylocopa_cantabrita,SNIC,30,37,2,1,
287,B,5/7/25,15,11:47,Xylocopa_cantabrita,SNIC,31,38,2,1,
287,B,5/7/25,15,11:47,Xylocopa_cantabrita,SNIC,32,39,2,1,
287,B,5/7/25,15,11:47,Xylocopa_cantabrita,SNIC,33,40,2,1,
287,B,5/7/25,15,11:47,Xylocopa_cantabrita,SNIC,34,41,2,1,
287,B,5/7/25,15,11:47,Xylocopa_cantabrita,SNIC,35,42,2,1,
287,B,5/7/25,15,11:47,Xylocopa_cantabrita,SNIC,36,43,2,1,
287,B,5/7/25,15,11:47,Xylocopa_cantabrita,SNIC,37,44,2,1,
287,B,5/7/25,15,11:47,Xylocopa_cantabrita,CLIB,3,45,26,1,
287,B,5/7/25,15,11:47,Xylocopa_cantabrita,SNIC,38,46,2,1,
287,B,5/7/25,15,11:47,Xylocopa_cantabrita,SNIC,39,47,2,1,
287,B,5/7/25,15,11:47,Xylocopa_cantabrita,SNIC,40,48,2,1,
287,B,5/7/25,15,11:47,Xylocopa_cantabrita,SNIC,41,49,2,1,
287,B,5/7/25,15,11:47,Xylocopa_cantabrita,SNIC,42,50,2,1,
287,B,5/7/25,15,11:47,Xylocopa_cantabrita,CLIB,3,51,26,1,
287,B,5/7/25,15,11:47,Xylocopa_cantabrita,SNIC,43,52,2,1,
287,B,5/7/25,15,11:47,Xylocopa_cantabrita,SNIC,44,53,2,1,
287,B,5/7/25,15,11:47,Xylocopa_cantabrita,SNIC,45,54,2,1,
287,B,5/7/25,15,11:47,Xylocopa_cantabrita,SNIC,46,55,2,1,
287,B,5/7/25,15,11:47,Xylocopa_cantabrita,SNIC,47,56,2,1,
287,B,5/7/25,15,11:47,Xylocopa_cantabrita,SNIC,48,57,2,1,
287,B,5/7/25,15,11:47,Xylocopa_cantabrita,SNIC,49,58,2,1,
287,B,5/7/25,15,11:47,Xylocopa_cantabrita,CLIB,4,59,11,3,
287,B,5/7/25,15,11:47,Xylocopa_cantabrita,SNIC,50,60,2,1,
287,B,5/7/25,15,11:47,Xylocopa_cantabrita,CLIB,4,61,11,1,
287,B,5/7/25,15,11:47,Xylocopa_cantabrita,SNIC,51,62,2,1,
287,B,5/7/25,15,11:47,Xylocopa_cantabrita,SNIC,52,63,2,1,
287,B,5/7/25,15,11:47,Xylocopa_cantabrita,SNIC,53,64,2,1,
287,B,5/7/25,15,11:47,Xylocopa_cantabrita,SNIC,54,65,2,1,
287,B,5/7/25,15,11:47,Xylocopa_cantabrita,SNIC,55,66,2,1,
287,B,5/7/25,15,11:47,Xylocopa_cantabrita,SNIC,56,67,2,1,
287,B,5/7/25,15,11:47,Xylocopa_cantabrita,SNIC,57,68,2,1,
287,B,5/7/25,15,11:47,Xylocopa_cantabrita,SNIC,58,69,2,1,
287,B,5/7/25,15,11:47,Xylocopa_cantabrita,SNIC,59,70,2,1,
287,B,5/7/25,15,11:47,Xylocopa_cantabrita,SNIC,60,71,2,1,
288,B,5/7/25,15,11:54,Eucera_sp,CLIB,1,1,37,4,
288,B,5/7/25,15,11:54,Eucera_sp,CLIB,2,2,106,3,
289,B,5/7/25,15,11:59,Eucera_sp,CLIB,1,1,106,7,
289,B,5/7/25,15,11:59,Eucera_sp,CLIB,2,2,26,3,
289,B,5/7/25,15,11:59,Eucera_sp,CLIB,1,3,106,3,
290,B,5/7/25,15,11:58,Xylocopa_cantabrita,SNIC,1,1,2,1,
290,B,5/7/25,15,11:58,Xylocopa_cantabrita,SNIC,2,2,2,1,
290,B,5/7/25,15,11:58,Xylocopa_cantabrita,SNIC,3,3,2,1,
290,B,5/7/25,15,11:58,Xylocopa_cantabrita,SNIC,4,4,2,1,
290,B,5/7/25,15,11:58,Xylocopa_cantabrita,SNIC,5,5,2,1,
290,B,5/7/25,15,11:58,Xylocopa_cantabrita,SNIC,6,6,2,1,
290,B,5/7/25,15,11:58,Xylocopa_cantabrita,SNIC,7,7,2,1,
290,B,5/7/25,15,11:58,Xylocopa_cantabrita,SNIC,8,8,2,1,
290,B,5/7/25,15,11:58,Xylocopa_cantabrita,FAB,1,9,2,1,
290,B,5/7/25,15,11:58,Xylocopa_cantabrita,FAB,2,10,2,1,
290,B,5/7/25,15,11:58,Xylocopa_cantabrita,FAB,3,11,2,1,
290,B,5/7/25,15,11:58,Xylocopa_cantabrita,SNIC,9,12,2,1,
290,B,5/7/25,15,11:58,Xylocopa_cantabrita,SNIC,10,13,2,1,
290,B,5/7/25,15,11:58,Xylocopa_cantabrita,FAB,4,14,2,1,
290,B,5/7/25,15,11:58,Xylocopa_cantabrita,FAB,5,15,2,1,
290,B,5/7/25,15,11:58,Xylocopa_cantabrita,FAB,6,16,2,1,
290,B,5/7/25,15,11:58,Xylocopa_cantabrita,FAB,7,17,2,1,
290,B,5/7/25,15,11:58,Xylocopa_cantabrita,SNIC,11,18,2,1,
290,B,5/7/25,15,11:58,Xylocopa_cantabrita,SNIC,12,19,2,1,
290,B,5/7/25,15,11:58,Xylocopa_cantabrita,SNIC,13,20,2,1,
290,B,5/7/25,15,11:58,Xylocopa_cantabrita,SNIC,14,21,2,1,
290,B,5/7/25,15,11:58,Xylocopa_cantabrita,SNIC,15,22,2,1,
290,B,5/7/25,15,11:58,Xylocopa_cantabrita,FAB,8,23,2,1,
290,B,5/7/25,15,11:58,Xylocopa_cantabrita,SNIC,16,24,2,1,
290,B,5/7/25,15,11:58,Xylocopa_cantabrita,SNIC,17,25,2,1,
290,B,5/7/25,15,11:58,Xylocopa_cantabrita,FAB,9,26,2,1,
290,B,5/7/25,15,11:58,Xylocopa_cantabrita,FAB,10,27,2,1,
290,B,5/7/25,15,11:58,Xylocopa_cantabrita,FAB,11,28,2,1,
290,B,5/7/25,15,11:58,Xylocopa_cantabrita,FAB,12,29,2,1,
290,B,5/7/25,15,11:58,Xylocopa_cantabrita,FAB,13,30,2,1,
290,B,5/7/25,15,11:58,Xylocopa_cantabrita,SNIC,18,31,2,1,
290,B,5/7/25,15,11:58,Xylocopa_cantabrita,SNIC,19,32,2,1,
290,B,5/7/25,15,11:58,Xylocopa_cantabrita,SNIC,20,33,2,1,
291,B,5/7/25,15,12:25,Bombylius_sp,LPED,1,1,3,2,
291,B,5/7/25,15,12:25,Bombylius_sp,LPED,2,2,3,1,
291,B,5/7/25,15,12:25,Bombylius_sp,LPED,3,3,24,3,
292,B,5/7/25,15,12:26,Andrena_sp,AST_sp2,1,1,2,1,
292,B,5/7/25,15,12:26,Andrena_sp,AST_sp2,2,2,2,1,
292,B,5/7/25,15,12:26,Andrena_sp,AST_sp2,3,3,2,1,
292,B,5/7/25,15,12:26,Andrena_sp,CLIB,1,4,26,2,
292,B,5/7/25,15,12:26,Andrena_sp,CLIB,2,5,11,3,
292,B,5/7/25,15,12:26,Andrena_sp,CLIB,1,6,26,1,
293,B,5/7/25,15,12:28,Dasypoda_sp,CLIB,1,1,11,1,
293,B,5/7/25,15,12:28,Dasypoda_sp,CLIB,2,2,26,2,
293,B,5/7/25,15,12:28,Dasypoda_sp,CLIB,3,3,106,53,
294,F,5/7/25,15,13:02,Xylocopa_cantabrita,SNIC,1,1,2,1,
294,F,5/7/25,15,13:02,Xylocopa_cantabrita,SNIC,2,2,2,1,
294,F,5/7/25,15,13:02,Xylocopa_cantabrita,SNIC,3,3,2,1,
294,F,5/7/25,15,13:02,Xylocopa_cantabrita,SNIC,4,4,2,1,
294,F,5/7/25,15,13:02,Xylocopa_cantabrita,SNIC,5,5,2,1,
294,F,5/7/25,15,13:02,Xylocopa_cantabrita,SNIC,6,6,2,1,
294,F,5/7/25,15,13:02,Xylocopa_cantabrita,SNIC,7,7,2,1,
294,F,5/7/25,15,13:02,Xylocopa_cantabrita,SNIC,8,8,2,1,
294,F,5/7/25,15,13:02,Xylocopa_cantabrita,SNIC,9,9,2,1,
294,F,5/7/25,15,13:02,Xylocopa_cantabrita,SNIC,10,10,2,1,
294,F,5/7/25,15,13:02,Xylocopa_cantabrita,SNIC,11,11,2,1,
294,F,5/7/25,15,13:02,Xylocopa_cantabrita,SNIC,12,12,2,1,
294,F,5/7/25,15,13:02,Xylocopa_cantabrita,SNIC,13,13,2,1,
294,F,5/7/25,15,13:02,Xylocopa_cantabrita,SNIC,14,14,2,1,
294,F,5/7/25,15,13:02,Xylocopa_cantabrita,SNIC,15,15,2,1,
294,F,5/7/25,15,13:02,Xylocopa_cantabrita,SNIC,16,16,2,1,
294,F,5/7/25,15,13:02,Xylocopa_cantabrita,SNIC,17,17,2,1,
294,F,5/7/25,15,13:02,Xylocopa_cantabrita,SNIC,18,18,2,1,
294,F,5/7/25,15,13:02,Xylocopa_cantabrita,SNIC,19,19,2,1,
294,F,5/7/25,15,13:02,Xylocopa_cantabrita,SNIC,20,20,2,1,
294,F,5/7/25,15,13:02,Xylocopa_cantabrita,SNIC,21,21,2,1,
294,F,5/7/25,15,13:02,Xylocopa_cantabrita,SNIC,22,22,2,1,
294,F,5/7/25,15,13:02,Xylocopa_cantabrita,SNIC,23,23,2,1,
294,F,5/7/25,15,13:02,Xylocopa_cantabrita,SNIC,24,24,2,1,
294,F,5/7/25,15,13:02,Xylocopa_cantabrita,SNIC,25,25,2,1,
294,F,5/7/25,15,13:02,Xylocopa_cantabrita,SNIC,26,26,2,1,
294,F,5/7/25,15,13:02,Xylocopa_cantabrita,SNIC,27,27,2,1,
294,F,5/7/25,15,13:02,Xylocopa_cantabrita,SNIC,28,28,2,1,
294,F,5/7/25,15,13:02,Xylocopa_cantabrita,SNIC,29,29,2,1,
294,F,5/7/25,15,13:02,Xylocopa_cantabrita,SNIC,30,30,2,1,
294,F,5/7/25,15,13:02,Xylocopa_cantabrita,SNIC,31,31,2,1,
294,F,5/7/25,15,13:02,Xylocopa_cantabrita,SNIC,32,32,2,1,
294,F,5/7/25,15,13:02,Xylocopa_cantabrita,SNIC,33,33,2,1,
294,F,5/7/25,15,13:02,Xylocopa_cantabrita,SNIC,34,34,2,1,
294,F,5/7/25,15,13:02,Xylocopa_cantabrita,SNIC,35,35,2,1,
294,F,5/7/25,15,13:02,Xylocopa_cantabrita,SNIC,36,36,2,1,
294,F,5/7/25,15,13:02,Xylocopa_cantabrita,SNIC,37,37,2,1,
294,F,5/7/25,15,13:02,Xylocopa_cantabrita,SNIC,38,38,2,1,
294,F,5/7/25,15,13:02,Xylocopa_cantabrita,SNIC,39,39,2,1,
294,F,5/7/25,15,13:02,Xylocopa_cantabrita,SNIC,40,40,2,1,
294,F,5/7/25,15,13:02,Xylocopa_cantabrita,SNIC,41,41,2,1,
294,F,5/7/25,15,13:02,Xylocopa_cantabrita,SNIC,42,42,2,1,
294,F,5/7/25,15,13:02,Xylocopa_cantabrita,LPED,1,43,56,1,
294,F,5/7/25,15,13:02,Xylocopa_cantabrita,SNIC,43,44,2,1,
294,F,5/7/25,15,13:02,Xylocopa_cantabrita,SNIC,44,45,2,1,
294,F,5/7/25,15,13:02,Xylocopa_cantabrita,SNIC,45,46,2,1,
294,F,5/7/25,15,13:02,Xylocopa_cantabrita,SNIC,46,47,2,1,
295,F,5/7/25,15,13:03,Xylocopa_cantabrita,SNIC,1,1,2,1,
295,F,5/7/25,15,13:03,Xylocopa_cantabrita,SNIC,2,2,2,1,
295,F,5/7/25,15,13:03,Xylocopa_cantabrita,SNIC,3,3,2,1,
295,F,5/7/25,15,13:03,Xylocopa_cantabrita,SNIC,4,4,2,1,
295,F,5/7/25,15,13:03,Xylocopa_cantabrita,SNIC,5,5,2,1,
295,F,5/7/25,15,13:03,Xylocopa_cantabrita,SNIC,6,6,2,1,
295,F,5/7/25,15,13:03,Xylocopa_cantabrita,SNIC,7,7,2,1,
295,F,5/7/25,15,13:03,Xylocopa_cantabrita,SNIC,8,8,2,1,
295,F,5/7/25,15,13:03,Xylocopa_cantabrita,SNIC,9,9,2,1,
295,F,5/7/25,15,13:03,Xylocopa_cantabrita,SNIC,10,10,2,1,
295,F,5/7/25,15,13:03,Xylocopa_cantabrita,SNIC,11,11,2,1,
295,F,5/7/25,15,13:03,Xylocopa_cantabrita,SNIC,12,12,2,1,
295,F,5/7/25,15,13:03,Xylocopa_cantabrita,SNIC,13,13,2,1,
295,F,5/7/25,15,13:03,Xylocopa_cantabrita,SNIC,14,14,2,1,
295,F,5/7/25,15,13:03,Xylocopa_cantabrita,SNIC,15,15,2,1,
295,F,5/7/25,15,13:03,Xylocopa_cantabrita,SNIC,16,16,2,1,
295,F,5/7/25,15,13:03,Xylocopa_cantabrita,SNIC,17,17,2,1,
295,F,5/7/25,15,13:03,Xylocopa_cantabrita,SNIC,18,18,2,1,
295,F,5/7/25,15,13:03,Xylocopa_cantabrita,SNIC,19,19,2,1,
296,F,5/7/25,15,13:09,Xylocopa_cantabrita,SNIC,1,1,2,1,
296,F,5/7/25,15,13:09,Xylocopa_cantabrita,SNIC,2,2,2,1,
296,F,5/7/25,15,13:09,Xylocopa_cantabrita,SNIC,3,3,2,1,
296,F,5/7/25,15,13:09,Xylocopa_cantabrita,SNIC,4,4,2,1,
296,F,5/7/25,15,13:09,Xylocopa_cantabrita,SNIC,5,5,2,1,
296,F,5/7/25,15,13:09,Xylocopa_cantabrita,SNIC,6,6,2,1,
296,F,5/7/25,15,13:09,Xylocopa_cantabrita,SNIC,7,7,2,1,
296,F,5/7/25,15,13:09,Xylocopa_cantabrita,SNIC,8,8,2,1,
296,F,5/7/25,15,13:09,Xylocopa_cantabrita,SNIC,9,9,2,1,
296,F,5/7/25,15,13:09,Xylocopa_cantabrita,SNIC,10,10,2,1,
296,F,5/7/25,15,13:09,Xylocopa_cantabrita,SNIC,11,11,2,1,
296,F,5/7/25,15,13:09,Xylocopa_cantabrita,SNIC,12,12,2,1,
296,F,5/7/25,15,13:09,Xylocopa_cantabrita,SNIC,13,13,2,1,
296,F,5/7/25,15,13:09,Xylocopa_cantabrita,SNIC,14,14,2,1,
296,F,5/7/25,15,13:09,Xylocopa_cantabrita,SNIC,15,15,2,1,
296,F,5/7/25,15,13:09,Xylocopa_cantabrita,SNIC,16,16,2,1,
296,F,5/7/25,15,13:09,Xylocopa_cantabrita,SNIC,17,17,2,1,
296,F,5/7/25,15,13:09,Xylocopa_cantabrita,SNIC,18,18,2,1,
296,F,5/7/25,15,13:09,Xylocopa_cantabrita,SNIC,19,19,2,1,
296,F,5/7/25,15,13:09,Xylocopa_cantabrita,SNIC,20,20,2,1,
296,F,5/7/25,15,13:09,Xylocopa_cantabrita,SNIC,21,21,2,1,
296,F,5/7/25,15,13:09,Xylocopa_cantabrita,SNIC,22,22,2,1,
296,F,5/7/25,15,13:09,Xylocopa_cantabrita,SNIC,23,23,2,1,
296,F,5/7/25,15,13:09,Xylocopa_cantabrita,SNIC,24,24,2,1,
296,F,5/7/25,15,13:09,Xylocopa_cantabrita,SNIC,25,25,2,1,
296,F,5/7/25,15,13:09,Xylocopa_cantabrita,SNIC,26,26,2,1,
296,F,5/7/25,15,13:09,Xylocopa_cantabrita,SNIC,27,27,2,1,
296,F,5/7/25,15,13:09,Xylocopa_cantabrita,SNIC,28,28,2,1,
296,F,5/7/25,15,13:09,Xylocopa_cantabrita,SNIC,29,29,2,1,
296,F,5/7/25,15,13:09,Xylocopa_cantabrita,SNIC,30,30,2,1,
296,F,5/7/25,15,13:09,Xylocopa_cantabrita,SNIC,31,31,2,1,
296,F,5/7/25,15,13:09,Xylocopa_cantabrita,SNIC,32,32,2,1,
296,F,5/7/25,15,13:09,Xylocopa_cantabrita,SNIC,33,33,2,1,
296,F,5/7/25,15,13:09,Xylocopa_cantabrita,SNIC,34,34,2,1,
296,F,5/7/25,15,13:09,Xylocopa_cantabrita,SNIC,35,35,2,1,
296,F,5/7/25,15,13:09,Xylocopa_cantabrita,SNIC,36,36,2,1,
296,F,5/7/25,15,13:09,Xylocopa_cantabrita,SNIC,37,37,2,1,
296,F,5/7/25,15,13:09,Xylocopa_cantabrita,SNIC,38,38,2,1,
296,F,5/7/25,15,13:09,Xylocopa_cantabrita,SNIC,39,39,2,1,
296,F,5/7/25,15,13:09,Xylocopa_cantabrita,SNIC,40,40,2,1,
296,F,5/7/25,15,13:09,Xylocopa_cantabrita,SNIC,41,41,2,1,
296,F,5/7/25,15,13:09,Xylocopa_cantabrita,SNIC,42,42,2,1,
296,F,5/7/25,15,13:09,Xylocopa_cantabrita,SNIC,43,43,2,1,
296,F,5/7/25,15,13:09,Xylocopa_cantabrita,SNIC,44,44,2,1,
296,F,5/7/25,15,13:09,Xylocopa_cantabrita,SNIC,45,45,2,1,
296,F,5/7/25,15,13:09,Xylocopa_cantabrita,SNIC,46,46,2,1,
296,F,5/7/25,15,13:09,Xylocopa_cantabrita,SNIC,47,47,2,1,
296,F,5/7/25,15,13:09,Xylocopa_cantabrita,SNIC,48,48,2,1,
296,F,5/7/25,15,13:09,Xylocopa_cantabrita,SNIC,49,49,2,1,
296,F,5/7/25,15,13:09,Xylocopa_cantabrita,SNIC,50,50,2,1,
296,F,5/7/25,15,13:09,Xylocopa_cantabrita,SNIC,51,51,2,1,
296,F,5/7/25,15,13:09,Xylocopa_cantabrita,SNIC,52,52,2,1,
296,F,5/7/25,15,13:09,Xylocopa_cantabrita,SNIC,53,53,2,1,
296,F,5/7/25,15,13:09,Xylocopa_cantabrita,SNIC,54,54,2,1,
296,F,5/7/25,15,13:09,Xylocopa_cantabrita,SNIC,55,55,2,1,
296,F,5/7/25,15,13:09,Xylocopa_cantabrita,SNIC,56,56,2,1,
296,F,5/7/25,15,13:09,Xylocopa_cantabrita,SNIC,57,57,2,1,
296,F,5/7/25,15,13:09,Xylocopa_cantabrita,SNIC,58,58,2,1,
296,F,5/7/25,15,13:09,Xylocopa_cantabrita,SNIC,59,59,2,1,
296,F,5/7/25,15,13:09,Xylocopa_cantabrita,SNIC,60,60,2,1,
296,F,5/7/25,15,13:09,Xylocopa_cantabrita,SNIC,61,61,2,1,
296,F,5/7/25,15,13:09,Xylocopa_cantabrita,ROFF,1,62,34,1,
296,F,5/7/25,15,13:09,Xylocopa_cantabrita,SNIC,62,63,2,1,
296,F,5/7/25,15,13:09,Xylocopa_cantabrita,SNIC,63,64,2,1,
296,F,5/7/25,15,13:09,Xylocopa_cantabrita,SNIC,64,65,2,1,
296,F,5/7/25,15,13:09,Xylocopa_cantabrita,SNIC,65,66,2,1,
296,F,5/7/25,15,13:09,Xylocopa_cantabrita,SNIC,66,67,2,1,
296,F,5/7/25,15,13:09,Xylocopa_cantabrita,SNIC,67,68,2,1,
296,F,5/7/25,15,13:09,Xylocopa_cantabrita,SNIC,68,69,2,1,
297,A,5/21/25,16,10:44,Dasypoda_sp,AST_sp2,1,1,2,1,
297,A,5/21/25,16,10:44,Dasypoda_sp,AST_sp2,2,2,2,1,
297,A,5/21/25,16,10:44,Dasypoda_sp,AST_sp2,3,3,2,1,
297,A,5/21/25,16,10:44,Dasypoda_sp,AST_sp2,4,4,2,1,
297,A,5/21/25,16,10:44,Dasypoda_sp,AST_sp2,5,5,2,1,
298,A,5/21/25,16,10:48,Xylocopa_cantabrita,SNIC,1,1,2,1,
298,A,5/21/25,16,10:48,Xylocopa_cantabrita,SNIC,2,2,2,1,
298,A,5/21/25,16,10:48,Xylocopa_cantabrita,SNIC,3,3,2,1,
298,A,5/21/25,16,10:48,Xylocopa_cantabrita,SNIC,4,4,2,1,
298,A,5/21/25,16,10:48,Xylocopa_cantabrita,SNIC,5,5,2,1,
298,A,5/21/25,16,10:48,Xylocopa_cantabrita,SNIC,6,6,2,1,
298,A,5/21/25,16,10:48,Xylocopa_cantabrita,SNIC,7,7,2,1,
298,A,5/21/25,16,10:48,Xylocopa_cantabrita,SNIC,8,8,2,1,
298,A,5/21/25,16,10:48,Xylocopa_cantabrita,SNIC,9,9,2,1,
298,A,5/21/25,16,10:48,Xylocopa_cantabrita,LPED,1,10,18,1,
298,A,5/21/25,16,10:48,Xylocopa_cantabrita,LPED,2,11,21,5,
298,A,5/21/25,16,10:48,Xylocopa_cantabrita,LPED,3,12,1,1,
298,A,5/21/25,16,10:48,Xylocopa_cantabrita,LPED,4,13,19,2,
298,A,5/21/25,16,10:48,Xylocopa_cantabrita,FAB,1,14,2,1,
298,A,5/21/25,16,10:48,Xylocopa_cantabrita,LPED,5,15,2,1,
298,A,5/21/25,16,10:48,Xylocopa_cantabrita,LPED,6,16,2,1,
299,F,5/21/25,16,11:36,Xylocopa_cantabrita,SNIC,1,1,2,1,
299,F,5/21/25,16,11:36,Xylocopa_cantabrita,SNIC,2,2,2,1,
299,F,5/21/25,16,11:36,Xylocopa_cantabrita,SNIC,3,3,2,1,
299,F,5/21/25,16,11:36,Xylocopa_cantabrita,SNIC,4,4,2,1,
299,F,5/21/25,16,11:36,Xylocopa_cantabrita,SNIC,5,5,2,1,
299,F,5/21/25,16,11:36,Xylocopa_cantabrita,SNIC,6,6,2,1,
299,F,5/21/25,16,11:36,Xylocopa_cantabrita,SNIC,7,7,2,1,
299,F,5/21/25,16,11:36,Xylocopa_cantabrita,SNIC,8,8,2,1,
299,F,5/21/25,16,11:36,Xylocopa_cantabrita,SNIC,9,9,2,1,
299,F,5/21/25,16,11:36,Xylocopa_cantabrita,SNIC,10,10,2,1,
299,F,5/21/25,16,11:36,Xylocopa_cantabrita,SNIC,11,11,2,1,
299,F,5/21/25,16,11:36,Xylocopa_cantabrita,SNIC,12,12,2,1,
299,F,5/21/25,16,11:36,Xylocopa_cantabrita,SNIC,13,13,2,1,
299,F,5/21/25,16,11:36,Xylocopa_cantabrita,SNIC,14,14,2,1,
299,F,5/21/25,16,11:36,Xylocopa_cantabrita,SNIC,15,15,2,1,
299,F,5/21/25,16,11:36,Xylocopa_cantabrita,SNIC,16,16,2,1,
299,F,5/21/25,16,11:36,Xylocopa_cantabrita,SNIC,17,17,2,1,
299,F,5/21/25,16,11:36,Xylocopa_cantabrita,SNIC,18,18,2,1,
299,F,5/21/25,16,11:36,Xylocopa_cantabrita,SNIC,19,19,2,1,
299,F,5/21/25,16,11:36,Xylocopa_cantabrita,SNIC,20,20,2,1,
299,F,5/21/25,16,11:36,Xylocopa_cantabrita,SNIC,21,21,2,1,
299,F,5/21/25,16,11:36,Xylocopa_cantabrita,SNIC,22,22,2,1,
299,F,5/21/25,16,11:36,Xylocopa_cantabrita,SNIC,23,23,2,1,
299,F,5/21/25,16,11:36,Xylocopa_cantabrita,SNIC,24,24,2,1,
299,F,5/21/25,16,11:36,Xylocopa_cantabrita,SNIC,25,25,2,1,
299,F,5/21/25,16,11:36,Xylocopa_cantabrita,SNIC,26,26,2,1,
299,F,5/21/25,16,11:36,Xylocopa_cantabrita,SNIC,27,27,2,1,
299,F,5/21/25,16,11:36,Xylocopa_cantabrita,SNIC,28,28,2,1,
299,F,5/21/25,16,11:36,Xylocopa_cantabrita,SNIC,29,29,2,1,
299,F,5/21/25,16,11:36,Xylocopa_cantabrita,SNIC,30,30,2,1,
299,F,5/21/25,16,11:36,Xylocopa_cantabrita,SNIC,31,31,2,1,
299,F,5/21/25,16,11:36,Xylocopa_cantabrita,SNIC,32,32,2,1,
299,F,5/21/25,16,11:36,Xylocopa_cantabrita,SNIC,33,33,2,1,
299,F,5/21/25,16,11:36,Xylocopa_cantabrita,SNIC,34,34,2,1,
299,F,5/21/25,16,11:36,Xylocopa_cantabrita,SNIC,35,35,2,1,
299,F,5/21/25,16,11:36,Xylocopa_cantabrita,SNIC,36,36,2,1,
299,F,5/21/25,16,11:36,Xylocopa_cantabrita,SNIC,37,37,2,1,
299,F,5/21/25,16,11:36,Xylocopa_cantabrita,SNIC,38,38,2,1,
299,F,5/21/25,16,11:36,Xylocopa_cantabrita,SNIC,39,39,2,1,
299,F,5/21/25,16,11:36,Xylocopa_cantabrita,SNIC,40,40,2,1,
299,F,5/21/25,16,11:36,Xylocopa_cantabrita,SNIC,41,41,2,1,
299,F,5/21/25,16,11:36,Xylocopa_cantabrita,SNIC,42,42,2,1,
299,F,5/21/25,16,11:36,Xylocopa_cantabrita,SNIC,43,43,2,1,
299,F,5/21/25,16,11:36,Xylocopa_cantabrita,SNIC,44,44,2,1,
299,F,5/21/25,16,11:36,Xylocopa_cantabrita,SNIC,45,45,2,1,
299,F,5/21/25,16,11:36,Xylocopa_cantabrita,SNIC,46,46,2,1,
299,F,5/21/25,16,11:36,Xylocopa_cantabrita,SNIC,47,47,2,1,
299,F,5/21/25,16,11:36,Xylocopa_cantabrita,SNIC,48,48,2,1,
299,F,5/21/25,16,11:36,Xylocopa_cantabrita,SNIC,49,49,2,1,
299,F,5/21/25,16,11:36,Xylocopa_cantabrita,SNIC,50,50,2,1,
299,F,5/21/25,16,11:36,Xylocopa_cantabrita,SNIC,51,51,2,1,
299,F,5/21/25,16,11:36,Xylocopa_cantabrita,SNIC,52,52,2,1,
299,F,5/21/25,16,11:36,Xylocopa_cantabrita,SNIC,53,53,2,1,
299,F,5/21/25,16,11:36,Xylocopa_cantabrita,SNIC,54,54,2,1,
299,F,5/21/25,16,11:36,Xylocopa_cantabrita,SNIC,55,55,2,1,
299,F,5/21/25,16,11:36,Xylocopa_cantabrita,SNIC,56,56,2,1,
299,F,5/21/25,16,11:36,Xylocopa_cantabrita,SNIC,57,57,2,1,
299,F,5/21/25,16,11:36,Xylocopa_cantabrita,SNIC,58,58,2,1,
299,F,5/21/25,16,11:36,Xylocopa_cantabrita,SNIC,59,59,2,1,
299,F,5/21/25,16,11:36,Xylocopa_cantabrita,SNIC,60,60,2,1,
299,F,5/21/25,16,11:36,Xylocopa_cantabrita,SNIC,61,61,2,1,
299,F,5/21/25,16,11:36,Xylocopa_cantabrita,LPED,1,62,5,4,
299,F,5/21/25,16,11:36,Xylocopa_cantabrita,SNIC,62,63,2,1,
299,F,5/21/25,16,11:36,Xylocopa_cantabrita,SNIC,63,64,2,1,
299,F,5/21/25,16,11:36,Xylocopa_cantabrita,SNIC,64,65,2,1,
299,F,5/21/25,16,11:36,Xylocopa_cantabrita,SNIC,65,66,2,1,
299,F,5/21/25,16,11:36,Xylocopa_cantabrita,SNIC,66,67,2,1,
299,F,5/21/25,16,11:36,Xylocopa_cantabrita,SNIC,67,68,2,1,
299,F,5/21/25,16,11:36,Xylocopa_cantabrita,SNIC,68,69,2,1,
299,F,5/21/25,16,11:36,Xylocopa_cantabrita,SNIC,69,70,2,1,
300,E,5/21/25,16,12:26,Xylocopa_cantabrita,CLIB,1,1,19,5,
300,E,5/21/25,16,12:26,Xylocopa_cantabrita,LPED,1,2,4,2,
300,E,5/21/25,16,12:26,Xylocopa_cantabrita,CLIB,1,3,19,3,
300,E,5/21/25,16,12:26,Xylocopa_cantabrita,CLIB,2,4,11,1,
301,F,5/21/25,16,12:39,Xylocopa_cantabrita,SNIC,1,1,2,1,
301,F,5/21/25,16,12:39,Xylocopa_cantabrita,SNIC,2,2,2,1,
301,F,5/21/25,16,12:39,Xylocopa_cantabrita,SNIC,3,3,2,1,
301,F,5/21/25,16,12:39,Xylocopa_cantabrita,SNIC,4,4,2,1,
301,F,5/21/25,16,12:39,Xylocopa_cantabrita,SNIC,5,5,2,1,
301,F,5/21/25,16,12:39,Xylocopa_cantabrita,SNIC,6,6,2,1,
301,F,5/21/25,16,12:39,Xylocopa_cantabrita,SNIC,7,7,2,1,
301,F,5/21/25,16,12:39,Xylocopa_cantabrita,SNIC,8,8,2,1,
301,F,5/21/25,16,12:39,Xylocopa_cantabrita,SNIC,9,9,2,1,
301,F,5/21/25,16,12:39,Xylocopa_cantabrita,SNIC,10,10,2,1,
301,F,5/21/25,16,12:39,Xylocopa_cantabrita,SNIC,11,11,2,1,
301,F,5/21/25,16,12:39,Xylocopa_cantabrita,SNIC,12,12,2,1,
301,F,5/21/25,16,12:39,Xylocopa_cantabrita,SNIC,13,13,2,1,
301,F,5/21/25,16,12:39,Xylocopa_cantabrita,SNIC,14,14,2,1,
301,F,5/21/25,16,12:39,Xylocopa_cantabrita,SNIC,15,15,2,1,
301,F,5/21/25,16,12:39,Xylocopa_cantabrita,SNIC,16,16,2,1,
301,F,5/21/25,16,12:39,Xylocopa_cantabrita,SNIC,17,17,2,1,
301,F,5/21/25,16,12:39,Xylocopa_cantabrita,SNIC,18,18,2,1,
301,F,5/21/25,16,12:39,Xylocopa_cantabrita,SNIC,19,19,2,1,
301,F,5/21/25,16,12:39,Xylocopa_cantabrita,SNIC,20,20,2,1,
301,F,5/21/25,16,12:39,Xylocopa_cantabrita,SNIC,21,21,2,1,
301,F,5/21/25,16,12:39,Xylocopa_cantabrita,SNIC,22,22,2,1,
301,F,5/21/25,16,12:39,Xylocopa_cantabrita,SNIC,23,23,2,1,
301,F,5/21/25,16,12:39,Xylocopa_cantabrita,SNIC,24,24,2,1,
301,F,5/21/25,16,12:39,Xylocopa_cantabrita,SNIC,25,25,2,1,
301,F,5/21/25,16,12:39,Xylocopa_cantabrita,SNIC,26,26,2,1,
301,F,5/21/25,16,12:39,Xylocopa_cantabrita,SNIC,27,27,2,1,
301,F,5/21/25,16,12:39,Xylocopa_cantabrita,SNIC,28,28,2,1,
301,F,5/21/25,16,12:39,Xylocopa_cantabrita,SNIC,29,29,2,1,
301,F,5/21/25,16,12:39,Xylocopa_cantabrita,SNIC,30,30,2,1,
301,F,5/21/25,16,12:39,Xylocopa_cantabrita,SNIC,31,31,2,1,
301,F,5/21/25,16,12:39,Xylocopa_cantabrita,SNIC,32,32,2,1,
301,F,5/21/25,16,12:39,Xylocopa_cantabrita,SNIC,33,33,2,1,
301,F,5/21/25,16,12:39,Xylocopa_cantabrita,SNIC,34,34,2,1,
301,F,5/21/25,16,12:39,Xylocopa_cantabrita,SNIC,35,35,2,1,
301,F,5/21/25,16,12:39,Xylocopa_cantabrita,SNIC,36,36,2,1,
301,F,5/21/25,16,12:39,Xylocopa_cantabrita,SNIC,37,37,2,1,
301,F,5/21/25,16,12:39,Xylocopa_cantabrita,SNIC,38,38,2,1,
301,F,5/21/25,16,12:39,Xylocopa_cantabrita,SNIC,39,39,2,1,
301,F,5/21/25,16,12:39,Xylocopa_cantabrita,SNIC,40,40,2,1,
301,F,5/21/25,16,12:39,Xylocopa_cantabrita,SNIC,41,41,2,1,
301,F,5/21/25,16,12:39,Xylocopa_cantabrita,SNIC,42,42,2,1,
301,F,5/21/25,16,12:39,Xylocopa_cantabrita,SNIC,43,43,2,1,
301,F,5/21/25,16,12:39,Xylocopa_cantabrita,SNIC,44,44,2,1,
301,F,5/21/25,16,12:39,Xylocopa_cantabrita,SNIC,45,45,2,1,
301,F,5/21/25,16,12:39,Xylocopa_cantabrita,SNIC,46,46,2,1,
301,F,5/21/25,16,12:39,Xylocopa_cantabrita,SNIC,47,47,2,1,
301,F,5/21/25,16,12:39,Xylocopa_cantabrita,SNIC,48,48,2,1,
301,F,5/21/25,16,12:39,Xylocopa_cantabrita,SNIC,49,49,2,1,
301,F,5/21/25,16,12:39,Xylocopa_cantabrita,SNIC,50,50,2,1,
301,F,5/21/25,16,12:39,Xylocopa_cantabrita,SNIC,51,51,2,1,
301,F,5/21/25,16,12:39,Xylocopa_cantabrita,SNIC,52,52,2,1,
301,F,5/21/25,16,12:39,Xylocopa_cantabrita,SNIC,53,53,2,1,
302,F,5/21/25,16,12:44,Xylocopa_cantabrita,EVUL,1,1,9,1,
302,F,5/21/25,16,12:44,Xylocopa_cantabrita,SNIC,1,2,2,1,
302,F,5/21/25,16,12:44,Xylocopa_cantabrita,SNIC,2,3,2,1,
302,F,5/21/25,16,12:44,Xylocopa_cantabrita,SNIC,3,4,2,1,
302,F,5/21/25,16,12:44,Xylocopa_cantabrita,SNIC,4,5,2,1,
302,F,5/21/25,16,12:44,Xylocopa_cantabrita,SNIC,5,6,2,1,
302,F,5/21/25,16,12:44,Xylocopa_cantabrita,SNIC,6,7,2,1,
302,F,5/21/25,16,12:44,Xylocopa_cantabrita,SNIC,7,8,2,1,
302,F,5/21/25,16,12:44,Xylocopa_cantabrita,SNIC,8,9,2,1,
302,F,5/21/25,16,12:44,Xylocopa_cantabrita,SNIC,9,10,2,1,
302,F,5/21/25,16,12:44,Xylocopa_cantabrita,SNIC,10,11,2,1,
302,F,5/21/25,16,12:44,Xylocopa_cantabrita,SNIC,11,12,2,1,
302,F,5/21/25,16,12:44,Xylocopa_cantabrita,SNIC,12,13,2,1,
302,F,5/21/25,16,12:44,Xylocopa_cantabrita,SNIC,13,14,2,1,
302,F,5/21/25,16,12:44,Xylocopa_cantabrita,SNIC,14,15,2,1,
302,F,5/21/25,16,12:44,Xylocopa_cantabrita,SNIC,15,16,2,1,
302,F,5/21/25,16,12:44,Xylocopa_cantabrita,SNIC,16,17,2,1,
302,F,5/21/25,16,12:44,Xylocopa_cantabrita,SNIC,17,18,2,1,
302,F,5/21/25,16,12:44,Xylocopa_cantabrita,SNIC,18,19,2,1,
302,F,5/21/25,16,12:44,Xylocopa_cantabrita,SNIC,19,20,2,1,
302,F,5/21/25,16,12:44,Xylocopa_cantabrita,SNIC,20,21,2,1,
302,F,5/21/25,16,12:44,Xylocopa_cantabrita,SNIC,21,22,2,1,
302,F,5/21/25,16,12:44,Xylocopa_cantabrita,SNIC,22,23,2,1,
302,F,5/21/25,16,12:44,Xylocopa_cantabrita,SNIC,23,24,2,1,
302,F,5/21/25,16,12:44,Xylocopa_cantabrita,SNIC,24,25,2,1,
302,F,5/21/25,16,12:44,Xylocopa_cantabrita,SNIC,25,26,2,1,
302,F,5/21/25,16,12:44,Xylocopa_cantabrita,SNIC,26,27,2,1,
302,F,5/21/25,16,12:44,Xylocopa_cantabrita,SNIC,27,28,2,1,
302,F,5/21/25,16,12:44,Xylocopa_cantabrita,SNIC,28,29,2,1,
302,F,5/21/25,16,12:44,Xylocopa_cantabrita,SNIC,29,30,2,1,
302,F,5/21/25,16,12:44,Xylocopa_cantabrita,SNIC,30,31,2,1,
302,F,5/21/25,16,12:44,Xylocopa_cantabrita,SNIC,31,32,2,1,
302,F,5/21/25,16,12:44,Xylocopa_cantabrita,SNIC,32,33,2,1,
302,F,5/21/25,16,12:44,Xylocopa_cantabrita,SNIC,33,34,2,1,
302,F,5/21/25,16,12:44,Xylocopa_cantabrita,SNIC,34,35,2,1,
302,F,5/21/25,16,12:44,Xylocopa_cantabrita,SNIC,35,36,2,1,
302,F,5/21/25,16,12:44,Xylocopa_cantabrita,SNIC,36,37,2,1,
302,F,5/21/25,16,12:44,Xylocopa_cantabrita,SNIC,37,38,2,1,
302,F,5/21/25,16,12:44,Xylocopa_cantabrita,SNIC,38,39,2,1,
302,F,5/21/25,16,12:44,Xylocopa_cantabrita,SNIC,39,40,2,1,
302,F,5/21/25,16,12:44,Xylocopa_cantabrita,SNIC,40,41,2,1,
302,F,5/21/25,16,12:44,Xylocopa_cantabrita,SNIC,41,42,2,1,
302,F,5/21/25,16,12:44,Xylocopa_cantabrita,SNIC,42,43,2,1,
302,F,5/21/25,16,12:44,Xylocopa_cantabrita,SNIC,43,44,2,1,
302,F,5/21/25,16,12:44,Xylocopa_cantabrita,SNIC,44,45,2,1,
302,F,5/21/25,16,12:44,Xylocopa_cantabrita,SNIC,45,46,2,1,
302,F,5/21/25,16,12:44,Xylocopa_cantabrita,SNIC,46,47,2,1,
302,F,5/21/25,16,12:44,Xylocopa_cantabrita,SNIC,47,48,2,1,
302,F,5/21/25,16,12:44,Xylocopa_cantabrita,SNIC,48,49,2,1,
302,F,5/21/25,16,12:44,Xylocopa_cantabrita,SNIC,49,50,2,1,
303,A,5/29/25,16,9:30,Lasioglossum_sp,AST_sp2,1,1,3,1,
303,A,5/29/25,16,9:30,Lasioglossum_sp,AST_sp2,2,2,3,1,
303,A,5/29/25,16,9:30,Lasioglossum_sp,AST_sp2,3,3,3,1,
303,A,5/29/25,16,9:30,Lasioglossum_sp,AST_sp2,4,4,3,1,
303,A,5/29/25,16,9:30,Lasioglossum_sp,AST_sp2,5,5,3,1,
303,A,5/29/25,16,9:30,Lasioglossum_sp,AST_sp2,6,6,3,1,
303,A,5/29/25,16,9:30,Lasioglossum_sp,AST_sp2,7,7,3,1,
303,A,5/29/25,16,9:30,Lasioglossum_sp,AST_sp2,8,8,3,1,
303,A,5/29/25,16,9:30,Lasioglossum_sp,AST_sp2,9,9,3,1,
303,A,5/29/25,16,9:30,Lasioglossum_sp,AST_sp2,10,10,3,1,
303,A,5/29/25,16,9:30,Lasioglossum_sp,AST_sp2,11,11,3,1,
304,A,5/29/25,16,9:42,Lasioglossum_sp,AST_sp2,1,1,3,1,
304,A,5/29/25,16,9:42,Lasioglossum_sp,AST_sp2,2,2,3,1,
304,A,5/29/25,16,9:42,Lasioglossum_sp,AST_sp2,3,3,3,1,
304,A,5/29/25,16,9:42,Lasioglossum_sp,AST_sp2,4,4,3,1,
304,A,5/29/25,16,9:42,Lasioglossum_sp,AST_sp2,5,5,3,1,
304,A,5/29/25,16,9:42,Lasioglossum_sp,AST_sp2,6,6,3,1,
304,A,5/29/25,16,9:42,Lasioglossum_sp,AST_sp2,7,7,3,1,
304,A,5/29/25,16,9:42,Lasioglossum_sp,AST_sp2,8,8,3,1,
304,A,5/29/25,16,9:42,Lasioglossum_sp,AST_sp2,9,9,3,1,
304,A,5/29/25,16,9:42,Lasioglossum_sp,AST_sp2,10,10,3,1,
304,A,5/29/25,16,9:42,Lasioglossum_sp,AST_sp2,11,11,3,1,
304,A,5/29/25,16,9:42,Lasioglossum_sp,AST_sp2,12,12,3,1,
305,B,5/29/25,16,9:50,Andrena_sp,AST_sp2,1,1,3,1,
305,B,5/29/25,16,9:50,Andrena_sp,AST_sp2,2,2,3,1,
305,B,5/29/25,16,9:50,Andrena_sp,AST_sp2,3,3,3,1,
305,B,5/29/25,16,9:50,Andrena_sp,AST_sp2,4,4,3,1,
305,B,5/29/25,16,9:50,Andrena_sp,AST_sp2,5,5,3,1,
305,B,5/29/25,16,9:50,Andrena_sp,AST_sp2,6,6,3,1,
305,B,5/29/25,16,9:50,Andrena_sp,AST_sp2,7,7,3,1,
305,B,5/29/25,16,9:50,Andrena_sp,AST_sp2,8,8,3,1,
305,B,5/29/25,16,9:50,Andrena_sp,AST_sp2,9,9,3,1,
305,B,5/29/25,16,9:50,Andrena_sp,AST_sp2,10,10,3,1,
305,B,5/29/25,16,9:50,Andrena_sp,AST_sp2,11,11,3,1,
305,B,5/29/25,16,9:50,Andrena_sp,AST_sp2,12,12,3,1,
305,B,5/29/25,16,9:50,Andrena_sp,AST_sp2,13,13,3,1,
306,B,5/29/25,16,9:57,Andrena_sp,AST_sp2,1,1,3,1,
306,B,5/29/25,16,9:57,Andrena_sp,AST_sp2,2,2,3,1,
306,B,5/29/25,16,9:57,Andrena_sp,AST_sp2,3,3,3,1,
306,B,5/29/25,16,9:57,Andrena_sp,AST_sp2,4,4,3,1,
306,B,5/29/25,16,9:57,Andrena_sp,AST_sp2,5,5,3,1,
306,B,5/29/25,16,9:57,Andrena_sp,AST_sp2,6,6,3,1,
306,B,5/29/25,16,9:57,Andrena_sp,AST_sp2,7,7,3,1,
306,B,5/29/25,16,9:57,Andrena_sp,AST_sp2,8,8,3,1,
306,B,5/29/25,16,9:57,Andrena_sp,AST_sp2,9,9,3,1,
306,B,5/29/25,16,9:57,Andrena_sp,AST_sp2,10,10,3,1,
306,B,5/29/25,16,9:57,Andrena_sp,AST_sp2,11,11,3,1,
306,B,5/29/25,16,9:57,Andrena_sp,AST_sp2,12,12,3,1,
306,B,5/29/25,16,9:57,Andrena_sp,AST_sp2,13,13,3,1,
306,B,5/29/25,16,9:57,Andrena_sp,AST_sp2,14,14,3,1,
306,B,5/29/25,16,9:57,Andrena_sp,AST_sp2,15,15,3,1,
306,B,5/29/25,16,9:57,Andrena_sp,AST_sp2,16,16,3,1,
306,B,5/29/25,16,9:57,Andrena_sp,AST_sp2,17,17,3,1,
306,B,5/29/25,16,9:57,Andrena_sp,AST_sp2,18,18,3,1,
306,B,5/29/25,16,9:57,Andrena_sp,AST_sp2,19,19,3,1,
306,B,5/29/25,16,9:57,Andrena_sp,AST_sp2,20,20,3,1,
306,B,5/29/25,16,9:57,Andrena_sp,AST_sp2,21,21,3,1,
306,B,5/29/25,16,9:57,Andrena_sp,AST_sp2,22,22,3,1,
306,B,5/29/25,16,9:57,Andrena_sp,AST_sp2,23,23,3,1,
306,B,5/29/25,16,9:57,Andrena_sp,AST_sp2,24,24,3,1,
306,B,5/29/25,16,9:57,Andrena_sp,AST_sp2,25,25,3,1,
306,B,5/29/25,16,9:57,Andrena_sp,AST_sp2,26,26,3,1,
306,B,5/29/25,16,9:57,Andrena_sp,AST_sp2,27,27,3,1,
306,B,5/29/25,16,9:57,Andrena_sp,AST_sp2,28,28,3,1,
306,B,5/29/25,16,9:57,Andrena_sp,AST_sp2,29,29,3,1,
307,B,5/29/25,16,10:01,Andrena_sp,AST_sp2,1,1,3,1,
307,B,5/29/25,16,10:01,Andrena_sp,AST_sp2,2,2,3,1,
307,B,5/29/25,16,10:01,Andrena_sp,AST_sp2,3,3,3,1,
307,B,5/29/25,16,10:01,Andrena_sp,AST_sp2,4,4,3,1,
307,B,5/29/25,16,10:01,Andrena_sp,AST_sp2,5,5,3,1,
307,B,5/29/25,16,10:01,Andrena_sp,AST_sp2,6,6,3,1,
307,B,5/29/25,16,10:01,Andrena_sp,AST_sp2,7,7,3,1,
307,B,5/29/25,16,10:01,Andrena_sp,AST_sp2,8,8,3,1,
307,B,5/29/25,16,10:01,Andrena_sp,AST_sp2,9,9,3,1,
307,B,5/29/25,16,10:01,Andrena_sp,AST_sp2,10,10,3,1,
307,B,5/29/25,16,10:01,Andrena_sp,AST_sp2,11,11,3,1,
307,B,5/29/25,16,10:01,Andrena_sp,AST_sp2,12,12,3,1,
307,B,5/29/25,16,10:01,Andrena_sp,AST_sp2,13,13,3,1,
307,B,5/29/25,16,10:01,Andrena_sp,AST_sp2,14,14,3,1,
307,B,5/29/25,16,10:01,Andrena_sp,AST_sp2,15,15,3,1,
307,B,5/29/25,16,10:01,Andrena_sp,AST_sp2,16,16,3,1,
307,B,5/29/25,16,10:01,Andrena_sp,AST_sp2,17,17,3,1,
307,B,5/29/25,16,10:01,Andrena_sp,AST_sp2,18,18,3,1,
307,B,5/29/25,16,10:01,Andrena_sp,AST_sp2,19,19,3,1,
307,B,5/29/25,16,10:01,Andrena_sp,AST_sp2,20,20,3,1,
307,B,5/29/25,16,10:01,Andrena_sp,AST_sp2,21,21,3,1,
307,B,5/29/25,16,10:01,Andrena_sp,AST_sp2,22,22,3,1,
307,B,5/29/25,16,10:01,Andrena_sp,AST_sp2,23,23,3,1,
307,B,5/29/25,16,10:01,Andrena_sp,AST_sp2,24,24,3,1,
307,B,5/29/25,16,10:01,Andrena_sp,AST_sp2,25,25,3,1,
307,B,5/29/25,16,10:01,Andrena_sp,AST_sp2,26,26,3,1,
308,A,5/30/25,16,9:23,Plebejus_argus,LPED,1,1,6,2,
308,A,5/30/25,16,9:23,Plebejus_argus,LPED,2,2,1,1,
308,A,5/30/25,16,9:23,Plebejus_argus,LPED,3,3,7,1,
309,A,5/30/25,16,9:33,Xylocopa_cantabrita,TMAS,1,1,44,30,
310,A,5/30/25,16,9:33,Eucera_sp,TMAS,1,1,44,8,
310,A,5/30/25,16,9:33,Eucera_sp,TMAS,2,2,39,2,
311,A,5/30/25,16,9:35,Andrena_sp,AST_sp2,1,1,3,1,
311,A,5/30/25,16,9:35,Andrena_sp,AST_sp2,2,2,3,1,
311,A,5/30/25,16,9:35,Andrena_sp,AST_sp2,3,3,3,1,
311,A,5/30/25,16,9:35,Andrena_sp,AST_sp2,4,4,3,1,
311,A,5/30/25,16,9:35,Andrena_sp,AST_sp2,5,5,3,1,
311,A,5/30/25,16,9:35,Andrena_sp,AST_sp2,6,6,3,1,
312,A,5/30/25,16,9:36,Eucera_sp,TMAS,1,1,82,5,
312,A,5/30/25,16,9:36,Eucera_sp,TMAS,2,2,92,2,
313,A,5/30/25,16,9:44,Andrena_sp,AST_sp2,1,1,3,1,
313,A,5/30/25,16,9:44,Andrena_sp,AST_sp2,2,2,3,1,
313,A,5/30/25,16,9:44,Andrena_sp,AST_sp2,3,3,3,1,
313,A,5/30/25,16,9:44,Andrena_sp,AST_sp2,4,4,3,1,
313,A,5/30/25,16,9:44,Andrena_sp,AST_sp2,5,5,3,1,
313,A,5/30/25,16,9:44,Andrena_sp,AST_sp2,6,6,3,1,
313,A,5/30/25,16,9:44,Andrena_sp,AST_sp2,7,7,3,1,
313,A,5/30/25,16,9:44,Andrena_sp,AST_sp2,8,8,3,1,
313,A,5/30/25,16,9:44,Andrena_sp,AST_sp2,9,9,3,1,
313,A,5/30/25,16,9:44,Andrena_sp,AST_sp2,10,10,3,1,
313,A,5/30/25,16,9:44,Andrena_sp,AST_sp2,11,11,3,1,
313,A,5/30/25,16,9:44,Andrena_sp,AST_sp2,12,12,3,1,
313,A,5/30/25,16,9:44,Andrena_sp,AST_sp2,13,13,3,1,
313,A,5/30/25,16,9:44,Andrena_sp,AST_sp2,14,14,3,1,
313,A,5/30/25,16,9:44,Andrena_sp,AST_sp2,15,15,3,1,
313,A,5/30/25,16,9:44,Andrena_sp,AST_sp2,16,16,3,1,
313,A,5/30/25,16,9:44,Andrena_sp,AST_sp2,17,17,3,1,
313,A,5/30/25,16,9:44,Andrena_sp,AST_sp2,18,18,3,1,
313,A,5/30/25,16,9:44,Andrena_sp,AST_sp2,19,19,3,1,
313,A,5/30/25,16,9:44,Andrena_sp,AST_sp2,20,20,3,1,
313,A,5/30/25,16,9:44,Andrena_sp,AST_sp2,21,21,3,1,
313,A,5/30/25,16,9:44,Andrena_sp,AST_sp2,22,22,3,1,
313,A,5/30/25,16,9:44,Andrena_sp,AST_sp2,23,23,3,1,
313,A,5/30/25,16,9:44,Andrena_sp,AST_sp2,24,24,3,1,
313,A,5/30/25,16,9:44,Andrena_sp,AST_sp2,25,25,3,1,
313,A,5/30/25,16,9:44,Andrena_sp,AST_sp2,26,26,3,1,
313,A,5/30/25,16,9:44,Andrena_sp,AST_sp2,27,27,3,1,
313,A,5/30/25,16,9:44,Andrena_sp,AST_sp2,28,28,3,1,
313,A,5/30/25,16,9:44,Andrena_sp,AST_sp2,29,29,3,1,
313,A,5/30/25,16,9:44,Andrena_sp,AST_sp2,30,30,3,1,
313,A,5/30/25,16,9:44,Andrena_sp,AST_sp2,31,31,3,1,
313,A,5/30/25,16,9:44,Andrena_sp,AST_sp2,32,32,3,1,
313,A,5/30/25,16,9:44,Andrena_sp,AST_sp2,33,33,3,1,
313,A,5/30/25,16,9:44,Andrena_sp,AST_sp2,34,34,3,1,
313,A,5/30/25,16,9:44,Andrena_sp,AST_sp2,35,35,3,1,
313,A,5/30/25,16,9:44,Andrena_sp,AST_sp2,36,36,3,1,
313,A,5/30/25,16,9:44,Andrena_sp,AST_sp2,37,37,3,1,
313,A,5/30/25,16,9:44,Andrena_sp,AST_sp2,38,38,3,1,
313,A,5/30/25,16,9:44,Andrena_sp,AST_sp2,39,39,3,1,
313,A,5/30/25,16,9:44,Andrena_sp,AST_sp2,40,40,3,1,
313,A,5/30/25,16,9:44,Andrena_sp,AST_sp2,41,41,3,1,
313,A,5/30/25,16,9:44,Andrena_sp,AST_sp2,42,42,3,1,
313,A,5/30/25,16,9:44,Andrena_sp,AST_sp2,43,43,3,1,
313,A,5/30/25,16,9:44,Andrena_sp,AST_sp2,44,44,3,1,
313,A,5/30/25,16,9:44,Andrena_sp,AST_sp2,45,45,3,1,
313,A,5/30/25,16,9:44,Andrena_sp,AST_sp2,46,46,3,1,
313,A,5/30/25,16,9:44,Andrena_sp,AST_sp2,47,47,3,1,
313,A,5/30/25,16,9:44,Andrena_sp,AST_sp2,48,48,3,1,
313,A,5/30/25,16,9:44,Andrena_sp,AST_sp2,49,49,3,1,
313,A,5/30/25,16,9:44,Andrena_sp,AST_sp2,50,50,3,1,
313,A,5/30/25,16,9:44,Andrena_sp,AST_sp2,51,51,3,1,
313,A,5/30/25,16,9:44,Andrena_sp,AST_sp2,52,52,3,1,
313,A,5/30/25,16,9:44,Andrena_sp,AST_sp2,53,53,3,1,
313,A,5/30/25,16,9:44,Andrena_sp,AST_sp2,54,54,3,1,
313,A,5/30/25,16,9:44,Andrena_sp,AST_sp2,55,55,3,1,
313,A,5/30/25,16,9:44,Andrena_sp,AST_sp2,56,56,3,1,
313,A,5/30/25,16,9:44,Andrena_sp,AST_sp2,57,57,3,1,
314,A,5/30/25,16,9:51,Plebejus_argus,TMAS,1,1,35,5,
314,A,5/30/25,16,9:51,Plebejus_argus,LPED,1,2,1,1,
314,A,5/30/25,16,9:51,Plebejus_argus,LPED,2,3,1,1,
314,A,5/30/25,16,9:51,Plebejus_argus,TMAS,2,4,92,2,
315,A,5/30/25,16,9:57,Andrena_sp,AST_sp2,1,1,3,1,
315,A,5/30/25,16,9:57,Andrena_sp,AST_sp2,2,2,3,1,
315,A,5/30/25,16,9:57,Andrena_sp,AST_sp2,3,3,3,1,
315,A,5/30/25,16,9:57,Andrena_sp,AST_sp2,4,4,3,1,
315,A,5/30/25,16,9:57,Andrena_sp,AST_sp2,5,5,3,1,
315,A,5/30/25,16,9:57,Andrena_sp,AST_sp2,6,6,3,1,
315,A,5/30/25,16,9:57,Andrena_sp,AST_sp2,7,7,3,1,
315,A,5/30/25,16,9:57,Andrena_sp,AST_sp2,8,8,3,1,
315,A,5/30/25,16,9:57,Andrena_sp,AST_sp2,9,9,3,1,
315,A,5/30/25,16,9:57,Andrena_sp,AST_sp2,10,10,3,1,
315,A,5/30/25,16,9:57,Andrena_sp,AST_sp2,11,11,3,1,
316,A,5/30/25,16,9:58,Xylocopa_cantabrita,LPED,1,1,5,1,
316,A,5/30/25,16,9:58,Xylocopa_cantabrita,LPED,2,2,11,1,
316,A,5/30/25,16,9:58,Xylocopa_cantabrita,AST_sp4,1,3,4,1,
316,A,5/30/25,16,9:58,Xylocopa_cantabrita,HHAL,1,4,7,1,
317,E,6/12/25,16,10:27,Xylocopa_cantabrita,TMAS,1,1,98,55,
317,E,6/12/25,16,10:27,Xylocopa_cantabrita,LPED,1,2,1,1,
317,E,6/12/25,16,10:27,Xylocopa_cantabrita,TMAS,2,3,55,6,
317,E,6/12/25,16,10:27,Xylocopa_cantabrita,TMAS,3,4,104,3,
318,E,6/12/25,16,10:29,Xylocopa_cantabrita,TMAS,1,1,98,10,
318,E,6/12/25,16,10:29,Xylocopa_cantabrita,TMAS,2,2,86,15,
318,E,6/12/25,16,10:29,Xylocopa_cantabrita,TMAS,1,3,98,16,
318,E,6/12/25,16,10:29,Xylocopa_cantabrita,TMAS,2,4,86,36,
318,E,6/12/25,16,10:29,Xylocopa_cantabrita,LPED,1,5,4,3,
318,E,6/12/25,16,10:29,Xylocopa_cantabrita,TMAS,3,6,66,8,
318,E,6/12/25,16,10:29,Xylocopa_cantabrita,TMAS,1,7,98,14,
318,E,6/12/25,16,10:29,Xylocopa_cantabrita,TMAS,4,8,104,21,
318,E,6/12/25,16,10:29,Xylocopa_cantabrita,TMAS,5,9,55,17,
318,E,6/12/25,16,10:29,Xylocopa_cantabrita,TMAS,4,10,104,1,
318,E,6/12/25,16,10:29,Xylocopa_cantabrita,LPED,1,11,4,1,